event_id,timestamp,factory_id,line_id,machine_id,stage,product_type,temperature_c,vibration_mm_s,pressure_bar,motor_current_a,rpm,cycle_time_sec,operating_hours,maintenance_age_days,material_batch_id,operator_shift,quality_score,defect_type,processing_time_sec,queue_time_min,material_wait_min,scheduled_units,completed_units,failure_risk,root_cause_stage,bottleneck_risk
EV300000,2025-02-04 03:00:00,F04,L07,M001,Raw Material,Valve,85.46,1.22,4.75,14.34,2131.0,40.1,7564.9,217,B159,B,100.0,None,46.26,20.16,1.46,134,343.0,Low,None,Low
EV300001,2025-01-03 04:00:00,F03,L04,M004,Inspection,Valve,81.8,3.04,7.88,14.9,1593.0,35.78,9010.5,153,B131,C,87.92,None,42.27,15.03,23.73,428,126.0,Low,None,Low
EV300002,2025-02-06 19:00:00,F05,L01,M012,Assembly,Valve,86.49,5.91,8.12,16.99,1478.0,51.87,8152.2,464,B123,A,98.49,None,46.59,2.91,6.99,81,205.0,Low,None,Low
EV300003,2025-01-14 16:30:00,F03,L07,M013,Machining,Pump,65.91,2.14,8.03,22.84,2015.0,40.47,14843.1,119,B136,A,96.75,None,43.5,29.39,32.43,267,253.0,Low,None,Medium
EV300004,2025-02-13 02:00:00,F03,L08,M003,Finishing,Motor,56.13,1.64,7.09,19.31,1985.0,47.05,8020.6,466,B135,A,91.46,Dimensional,47.19,3.39,8.13,152,246.0,Low,Finishing,Low
EV300005,2025-02-10 10:00:00,F04,L04,M030,Machining,Pump,68.44,3.06,6.17,18.71,1449.0,41.01,1317.1,316,B170,B,90.85,None,50.42,21.03,3.71,112,386.0,Low,None,Low
EV300006,2025-03-11 20:30:00,F05,L01,M018,WELDING,Controller,73.81,2.34,5.94,16.94,1812.0,34.02,4655.1,295,B173,A,88.52,None,33.16,4.59,3.71,539,177.0,Low,None,Low
EV300007,2025-02-01 22:00:00,F02,L07,M016,Assembly,Pump,82.32,2.25,7.33,18.25,1866.0,38.85,8333.9,458,B100,A,88.05,Electrical,36.36,2.82,6.75,482,567.0,Low,Assembly,Low
EV300008,2025-01-11 19:00:00,F02,L01,M033,Machining,Valve,34.49,2.24,6.39,21.73,1357.0,42.46,7147.1,418,B153,C,89.74,None,54.94,7.66,3.98,94,551.0,Low,None,Low
EV300009,2025-03-03 14:30:00,F02,L04,M039,Inspection,Pump,85.09,2.82,6.68,20.7,1726.0,31.71,2181.5,483,B179,C,93.7,None,53.01,5.63,33.05,399,317.0,Low,None,Low
EV300010,2025-01-23 07:30:00,F02,L07,M024,Raw Material,Gearbox,97.69,7.53,7.62,8.56,1349.0,40.99,14339.3,408,B156,,92.87,Surface,46.48,14.08,25.87,489,343.0,High,Raw Material,Low
EV300011,2025-02-21 19:30:00,F01,L04,M012,Welding,Valve,69.32,3.5,6.38,15.89,1125.0,37.62,11296.9,298,B132,C,88.14,Material,36.82,23.94,3.58,59,585.0,Low,Welding,Low
EV300012,2025-01-06 23:00:00,F01,L05,M009,Finishing,Valve,60.38,1.4,7.59,12.64,2015.0,40.21,11186.1,101,B163,C,94.41,None,41.49,40.17,4.11,483,189.0,Low,None,Medium
EV300013,2025-02-11 16:30:00,F01,L05,M036,Assembly,Controller,42.75,0.83,8.8,13.15,1524.0,43.46,9545.4,173,B155,A,92.29,Material,27.62,20.96,6.53,345,297.0,Low,Assembly,
EV300014,2025-03-08 19:30:00,F03,L07,M025,Welding,Valve,44.34,2.38,6.92,15.15,1623.0,47.23,2859.6,52,B162,A,91.6,Surface,45.95,2.53,17.38,130,110.0,Low,Welding,LOW
EV300015,2025-02-10 09:30:00,F01,L07,M021,Inspection,Valve,80.21,3.38,,14.98,1609.0,48.03,849.7,457,B154,B,98.17,Surface,217.25,21.71,3.34,430,531.0,Low,Inspection,
EV300016,2025-03-13 16:00:00,F02,L07,M006,Finishing,Controller,59.84,5.14,7.06,26.39,1773.0,44.3,3353.3,128,B128,A,94.43,None,53.85,1.25,15.25,381,294.0,Low,None,Low
EV300017,2025-03-08 09:30:00,F04,L02,M026,Welding,Gearbox,38.88,0.63,5.11,18.48,1920.0,50.83,10756.7,96,B116,B,85.42,Dimensional,37.79,2.46,12.84,52,580.0,Low,Welding,Low
EV300018,2025-01-18 10:30:00,F05,L04,M005,Inspection,Motor,79.53,2.94,7.48,13.15,1653.0,24.43,3502.5,213,B144,C,93.63,None,34.64,9.46,10.02,73,583.0,Low,None,Low
EV300019,2025-01-11 20:00:00,F05,L01,M027,Assembly,Pump,55.85,3.78,8.65,16.76,1934.0,25.85,7587.4,188,B155,C,75.65,Material,26.07,15.6,11.32,410,54.0,Low,Assembly,Low
EV300020,2025-01-25 02:00:00,F04,L05,M040,Finishing,Valve,74.82,0.64,6.93,29.86,1592.0,64.8,464.5,254,B108,A,85.53,None,48.09,32.86,3.67,551,350.0,Low,None,High
EV300021,2025-02-08 13:30:00,F03,,M038,Finishing, Pump ,91.03,3.28,8.63,21.16,1729.0,41.69,9133.2,148,B149,C,73.93,None,46.23,35.7,4.68,229,298.0,Low,None,Low
EV300022,2025-02-24 14:30:00,F05,L06,M004,Inspection,Pump,65.16,5.66,6.69,21.65,1561.0,36.33,7705.9,353,B149,C,100.0,None,44.59,26.91,1.32,226,312.0,Low,None,Low
EV300023,2025-02-14 21:00:00,F05,L05,M032,Inspection,Controller,75.18,4.77,6.6,23.35,1953.0,43.45,3362.2,80,B127,C,93.71,None,51.77,17.77,12.92,185,445.0,Low,None,Low
EV300024,2025-03-11 21:30:00,F02,L06,M008,Assembly,Pump,71.59,0.37,7.29,22.86,1766.0,41.41,193.3,53,B108,C,100.0,None,39.98,10.38,15.62,82.0,396.0,low,None,Low
EV300025,2025-02-04 02:00:00,F03,L01,M025,Finishing,Gearbox,73.62,3.27,7.52,14.56,1710.0,34.6,6010.7,195,B135,B,79.11,None,35.91,1.44,4.83,514,48.0,Low,None,Low
EV300026,2025-02-19 06:00:00,F04,L03,M006,Inspection,Controller,71.61,2.58,7.82,16.85,1562.0,44.17,14752.6,115,B130,C,85.99,None,29.96,6.76,4.15,352,124.0,Low,None,Medium
EV300027,2025-01-09 16:30:00,F01,L07,M040,Raw Material,Valve,60.92,2.1,7.04,19.46,,39.36,3521.6,289,B132,B,88.89,None,30.34,3.24,8.28,355,386.0,Low,None,Low
EV300028,2025-03-11 14:00:00,F05,L05,M030, Welding ,Pump,68.95,0.76,9.04,19.72,1602.0,37.87,9344.5,76,B128,A,88.38,None,45.04,14.77,12.98,441,585.0,Low,None,Low
EV300029,2025-01-30 23:30:00,F04,L02,M032,Welding,Valve,70.47,1.69,7.63,14.79,1795.0,44.06,12021.1,53,B115,,87.37,Material,44.76,1.36,3.49,68,389.0,Low,Welding,Low
EV300030,2025-02-27 07:30:00,F04,L08,M032,Raw Material,Motor,62.87,5.15,6.1,16.88,1600.0,32.89,8528.5,37,B179,A,85.73,None,22.9,16.71,5.15,202,448.0,Low,None,Low
EV300031,2025-02-14 08:00:00,F02,L07,M023,Assembly,Controller,78.61,0.41,8.04,22.03,2115.0,54.62,7488.3,124,B132,B,79.18,None,57.45,10.98,1.79,251.0,545.0,Low,None,Low
EV300032,2025-02-07 21:30:00, F01 ,L06,M035,Inspection,Motor,60.17,2.37,6.65,19.16,2100.0,31.39,12752.5,71,B140,A,93.71, None ,53.64,9.79,21.61,474,105.0,Low,None,Low
EV300033,2025-02-16 18:00:00,F01,L03,M021,Raw Material,Pump,84.81,1.34,4.87,13.9,1675.0,42.51,8680.6,59,B123,C,92.24,None,32.27,4.88,25.13,300.0,511.0,Low,None,Low
EV300034,2025-01-31 02:30:00,F05,L04,M014,Finishing,Motor,82.47,4.49,6.11,18.74,1292.0,38.53,12792.6,256,B137,B,90.31,None,23.99,13.35,4.3,304,212.0,Low,None,Low
EV300035,2025-03-06 22:00:00,F03,L06,M017,Machining,Pump,78.47,3.18,6.53,10.29,1674.0,33.71,14642.6,322,B145,B,96.4,None,43.4,16.65,8.49,112,494.0,Low,None,Low
EV300036,2025-02-11 02:00:00,F01,L06,M021,Welding,Valve,70.57,6.63,8.66,22.91,1350.0,48.07,2204.5,91, B148 ,C,94.42,None,46.21,10.96,11.99,118,43.0,Low,None,LOW
EV300037,2025-01-09 03:30:00,F04,L04,M040,Finishing,Valve,78.41,5.99,7.88,10.09,1505.0,37.18,5278.7,428,B141,A,100.0,None,53.16,22.24,3.1,148.0,250.0,Low,None,Low
EV300038,2025-01-05 06:00:00,F01,L01,M007,Machining,Pump,52.12,2.59,9.08,17.74,1361.0,53.7,13109.4,457,B101,A,74.32,None,51.14,12.04,6.43,355,520.0,Medium,None,Low
EV300039,2025-02-25 21:00:00,F03,L07,M023,,Valve,62.27,1.68,6.67,21.48,1931.0,39.02,5039.3,247,B151,A,95.51,,51.83,35.77,3.01,168,467.0,Low,None,Medium
EV300040,2025-01-15 22:30:00,F02,L08,M021,Machining,gearbox,79.06,2.02,6.75,16.07,1683.0,36.08,2262.1,483,b172,C,81.55,None,51.23,4.92,5.43,192,250.0,Low,None,Low
EV300041,2025-01-19 07:30:00,F05,L06,M039,Raw Material,Controller,67.81,2.34,7.95,20.02,1541.0,44.06,13652.6,13,B101,B,90.11,None,50.94,33.27,11.03,291,123.0,Low,None, Medium 
EV300042,2025-01-28 15:30:00,F01,L02,M004,welding,Controller,72.04,6.3,5.49,10.89,1438.0,53.08,3912.7,182,b138,A,97.76,None,44.53,5.17,2.04,110,78.0,Low,None,Low
EV300043,2025-02-07 14:00:00,F02,L07,M015,Welding,Valve,55.04,3.28,7.14,16.68,1720.0,34.06,9836.7,347,B175,A,91.59,None,46.09,20.79,9.86,196,217.0,Low,None,Medium
EV300044,2025-03-16 19:30:00,F01,L02,M040,Inspection,Pump,77.46,1.96,10.85,13.85,2101.0,37.66,4546.0,201,B123,A,90.21,Dimensional,63.94,25.33,12.13,239,321.0,Low,Inspection,Medium
EV300045,2025-01-10 20:00:00,F01,L08,M013,Machining,Pump,77.59,2.52,7.7,19.63,1703.0,38.92,12878.5,171,B118,C,92.45,None,34.97,18.48,4.88,522,81.0,Low,None,Low
EV300046,2025-02-25 11:30:00,F05,L07,M023,Machining,Valve,66.8,2.53,7.62,21.81,1566.0,37.7,13397.8,233,B161,A,80.92,None,50.94,10.56,8.32,227,226.0,Low,None,Low
EV300047,2025-02-03 05:00:00,F03,L06,M040, Raw Material ,Pump,38.84,0.52,5.8,15.65,1613.0,42.89,11831.2,73,B162,C,86.32,none,36.62,22.0,10.66,541,,Low,None,Medium
EV300048,2025-01-12 01:30:00,F01,L08,M036,Machining,Motor,48.07,1.09,5.28,23.27,1894.0,38.42,10441.0,39,B122,C,95.77,None,30.14,14.58,14.34,557,169.0,Low,None,Low
EV300049,2025-01-18 10:30:00,F02,L05,M017,Welding,Controller,68.83,2.0,8.65,18.69,2050.0,32.67,7787.7,357,B169,B,83.22,Surface,52.4,10.85,1.28,477,484.0,Low,Welding,Low
EV300050,2025-01-29 16:30:00,F02,L06,M023,Raw Material,Gearbox,51.74,2.26,7.74,20.57,1682.0,32.74,14822.3,303,B133,B,93.59,,40.14,13.36,8.69,374,421.0,Low,Raw Material,Low
EV300051,2025-01-09 06:00:00,F05,L06,M010,Machining,Controller,97.22,2.96,6.55,16.54,1643.0,45.61,11785.3,316,b129,C,84.63,None,45.28,16.42,3.12,519,241.0,Medium,None,Low
EV300052,2025-01-20 07:00:00,F05,L04,M031, Inspection ,Controller,50.64,0.46,7.71,22.64,1453.0,46.76,920.7,328,B123,B,92.14,None,46.3,14.45,3.28,167,316.0,Low,None,Low
EV300053,2025-01-20 01:00:00,F01,L01,M029,Finishing,Controller,73.46,2.48,7.59,15.43,1802.0,41.75,3779.5,67,B100,A,80.0,None,37.36,21.08,16.33,564,541.0,Low,NONE,Low
EV300054,2025-02-08 04:00:00,F04,,M026,Welding,Motor,72.72,1.68,8.45,18.58,1770.0,44.64,987.5,327,B162,B,100.0,Dimensional,47.53,33.91,8.09,361,81.0,Low,Welding,Medium
EV300055,2025-01-19 16:00:00,F05,L05,M021,Raw Material,Pump,67.01,4.34,6.55,22.56,1694.0,37.02,5842.2,265,B128,C,91.23,Surface,54.61,18.98,5.49,463,567.0,Low,Raw Material,Low
EV300056,2025-01-30 17:00:00,F04,L03,M001,Assembly,Controller,64.14,0.84,9.69,21.74,1698.0,32.38,5052.8,401,B105,C,87.86,None,42.99,3.44,5.43,563,121.0,Low,None,Low
EV300057,2025-01-31 05:00:00,F03,L03,M006,Assembly,Pump,81.12,1.49,6.68,10.69,1870.0,43.04,7598.4,227,B128,B,85.0,None,41.63,17.49,4.59,468,125.0,Low,None,Low
EV300058,2025-02-24 09:30:00,f02,L01,M024,Assembly,Controller,71.01,5.27,7.89,14.36,1976.0,50.8,6309.4,399,B157,B,90.12,Surface,20.66,20.67,18.14,89,413.0,Low,Assembly,Medium
EV300059,2025-01-22 02:30:00,F05,L03,M040,Finishing,Controller,56.32,2.61,5.86,16.17,1977.0,31.87,12154.6,374,B125,B,86.86,,41.9,13.85,10.07,522,174.0,Medium,Finishing,Low
EV300060,2025-02-09 11:00:00,F02,L04,M039,Finishing,Motor,74.96,0.78,6.42,20.56,1937.0,35.46,7126.6,144,B166,B,85.46,Material,63.58,1.55,3.52,176,83.0,Low,Finishing,Medium
EV300061,2025-01-29 10:30:00,F01,L04,M013,Raw Material,Motor,50.96,1.97,5.47,24.75,1731.0,43.41,13296.7,102,B162,B,87.59,None,38.95,9.91,2.94,153,469.0,Low,None,Low
EV300062,,F03,L06,M012,Inspection,Controller,66.47,2.05,6.49,21.52,1360.0,40.2,3306.5,8,B143,B,88.9,None,47.0,16.76,10.49,167,413.0,Low,None,Low
EV300063,2025-01-14 11:30:00,F05,,M027,Welding,Valve,73.14,3.68,9.71,16.77,1677.0,48.59,14024.4,169,B169,B,83.82,None,37.0,25.7,7.42,515,500.0,Low,None,Low
EV300064,2025-01-12 13:00:00,F01,L08,M006,Assembly,Valve,64.51,2.06,6.61,16.3,1852.0,50.82,4056.5,408,B156,C,86.43,None,54.77,3.28,3.74,354,65.0,Low,None,Low
EV300065,2025-02-22 12:00:00,F04,L02,M021,Finishing,Valve,88.43,4.44,6.49,20.59,1618.0,52.21,14143.7,228,B150,B,93.72,None,195.0,11.8,5.14,139,475.0,Low,None,Low
EV300066,2025-03-16 06:30:00,F03,L01,M001,Raw Material,Valve,85.16,1.08,6.22,17.16,1871.0,31.51,3031.1,151,B118,C,90.82,None,47.61,8.76,17.15,237,595.0,Low,None,Low
EV300067,2025-03-14 03:30:00,F03,L04,M008,Machining,Pump,52.68,1.12,4.2,14.65,1671.0,41.42,7616.6,419,B138,A,100.0,None,52.1,9.81,19.83,333,215.0,Low,None,Low
EV300068,2025-02-22 12:00:00,F05,L04,M035,Inspection,Pump,58.1,3.38,6.82,18.09,1761.0,49.2,7676.1,175,B111,A,99.78,Assembly,49.39,26.0,2.38,316,574.0,Low,Inspection,Medium
EV300069,2025-03-11 09:00:00,F01,L08,M018,Inspection,valve,65.73,3.7,8.02,21.65,1627.0,43.52,7756.5,94, B122 ,B,89.52,None,35.95,14.36,8.03,191,106.0,Low,None,Low
EV300070,2025-01-28 19:30:00,F05,L03,M030,Machining,Controller,89.52,0.7,7.69,17.75,1601.0,42.08,7420.3,280,B153,B,85.08,None,71.76,11.65,2.97,348,432.0,Low,None,Medium
EV300071,2025-02-02 13:30:00,F01,L04,M007,Assembly,Valve,55.57,1.46,5.66,20.55,1857.0,43.23,9008.8,273,B164,B,90.84,Electrical,66.13,5.88,8.24,142.0,262.0,Low,Assembly,Low
EV300072,2025-01-20 09:30:00,F05,L07,M003,Raw Material,Gearbox,57.77,3.7,6.95,15.26,1813.0,44.31,1644.0,358,B155,C,100.0,None,40.61,15.39,6.41,325,96.0,Low,None,Low
EV300073,2025-01-14 06:30:00,F05,L03,M019,Finishing,Valve,80.35,0.94,5.4,14.19,1472.0,51.99,14536.7,430,B141,a,100.0,None,58.88,6.07,14.57,412,,Medium,None,Low
EV300074,2025-02-03 07:00:00,F05,L03,M033,Inspection,Motor,64.21,3.33,8.66,18.85,1720.0,31.6,1399.2,151,B132,C,99.88,None,35.58,23.19,12.23,534,588.0,LOW,None,Low
EV300075,2025-02-12 22:00:00,F01,L06,M011,Machining,Pump,78.12,3.45,6.85,19.42,1706.0,44.88,3420.3,234,B168, B ,89.41,None,55.3,31.46,18.86,259,585.0,Low,None,Low
EV300076,2025-01-10 10:30:00,F03,L05,M039,Welding,Controller,52.25,2.28,6.87,18.22,1575.0,32.1,14047.1,194,B115,A,91.34,Dimensional,38.95,10.82,6.04,417.0,253.0,LOW,Welding,Low
EV300077,2025-02-07 06:00:00,F04,L02,M009,Assembly,VALVE,67.26,3.25,9.03,18.57,1666.0,35.46,13449.7,320,B178,C,88.26,None,40.84,30.31,7.08,564,59.0,Low,None,High
EV300078,2025-03-16 07:30:00,F03,L03,M021,Inspection,Controller,79.03,5.98,6.58,17.76,1479.0,48.71,4470.1,49,B157,C,83.25,None,41.99,7.55,15.9,505,,Low,None,Low
EV300079,2025-02-13 02:30:00,F03,L08,M024,Finishing, Pump ,58.09,3.91,5.04,17.93,1709.0,48.1,13613.7,444,B161,C,100.0,None,50.59,18.32,7.18,199,340.0,Medium,None,Low
EV300080,2025-02-11 08:00:00,F01,L05,M020,Raw Material,Gearbox,53.25,2.25,4.92,18.93,1660.0,51.47,7184.9,55,B119,B,82.11,None,46.28,18.4,10.86,116,347.0,Low,None,Low
EV300081,2025-01-11 04:00:00,F03,L03,M026,Machining,Pump,79.17,2.38,5.77,18.18,2068.0,39.77,11121.1,472,B153,A,73.29,Assembly,53.18,17.31,3.16,443,39.0,Low,Machining,Medium
EV300082,2025-02-26 01:30:00,F02,L01,M010,Inspection,Gearbox,60.8,1.03,6.95,17.23,1686.0,47.17,6865.5,302,B167,A,90.05,None,53.7,31.45,21.74,333,434.0,Low,None,Medium
EV300083,2025-01-15 05:30:00,F05,L03,M039,Raw Material,Valve,82.01,3.34,3.45,20.3,1351.0,34.39,11648.7,332,B115,A,80.52,Surface,44.97,11.23,13.39,413,413.0,Low,Raw Material,Low
EV300084,2025-02-06 03:30:00,F03,L05,M039,Finishing,Controller,77.91,4.41,7.3,16.17,1874.0,42.36,11107.0,79,B149,B,99.71,None,35.4,8.58,10.28,356,141.0,Low,None,Medium
EV300085,2025-02-08 07:00:00,F01,L02,M016,,Pump,76.65,0.6,7.88,13.39,1049.0,54.76,8129.9,108,B179,B,89.13,None,40.38,22.56,19.41,438,296.0,Low,None,Medium
EV300086,2025-01-22 17:00:00,F04,L08,M039,Assembly,Valve,50.22,5.02,8.7,22.32,1991.0,51.37,7592.8,409,B163,B,84.84,None,42.25,12.76,0.767,205,348.0,Low,None,Low
EV300087,2025-01-17 23:00:00,F03,L06,M003,Finishing,Gearbox,72.96,4.17,9.02,14.71,1372.0,56.6,13576.4,82,B123,B,92.3,Material,46.82,6.74,9.01,554,589.0,Low,Finishing,Low
EV300088,2025-01-07 16:30:00,F05,L02,M005,Assembly,Controller,75.58,0.3,4.52,16.45,2316.0,41.26,4247.3,462,B110,C,97.81,None,52.97,17.56,24.22,543,126.0,Low,None,Medium
EV300089,2025-02-14 06:30:00,F05,L03,M015,Raw Material,Gearbox,78.06,2.64,8.38,18.25,1627.0,39.58,14917.9,173,B160,C,92.0,Electrical,47.74,23.06,2.0,335,460.0,Low,Raw Material,Low
EV300090,2025-01-10 20:30:00,F02,L02,M028,Welding,Valve,66.15,2.11,4.79,15.28,1869.0,41.72,3968.3,474,B113,B,91.53,Material,47.94,36.2,6.02,369,388.0,Low,Welding,Low
EV300091,2025-02-17 21:30:00,F05,L05,M013,Welding,Controller,90.98,3.96,7.63,21.95,1848.0,39.57,6965.4,13,B130,C,89.79,Dimensional,39.05,12.17,4.72,415,424.0,Low,Welding,Low
EV300092,2025-01-23 08:30:00,F05,L01,M011,Inspection,Pump,85.85,2.81,6.4,19.16,1813.0,24.85,5176.8,133,B173,C,93.1,None,39.7,18.71,5.16,57,110.0,Low,None,Low
EV300093,2025-03-04 06:30:00,F04,L06,M006,Welding,Gearbox,69.94,4.47,7.67,18.2,1822.0,25.29,5727.1,94,B162,A,79.13,None,44.77,14.29,7.68,115,50.0,Low,None,Low
EV300094,2025-01-28 16:00:00,F04,L03,M011,Machining, Valve ,70.23,6.47,7.65,14.64,1781.0,59.01,2479.3,219,B144,B,85.38,None,53.99,5.27,6.8,564,419.0,Low,None,LOW
EV300095,2025-02-09 03:30:00,F02,L06,M008,Raw Material,Valve,79.88,4.6,5.57,19.87,1312.0,42.48,6643.1,479,b123,C,81.0,None,57.35,4.27,7.18,212,81.0,Low,None,Low
EV300096,2025-02-19 16:30:00,F01,L05,M040,Machining,Gearbox,44.28,2.85,8.2,18.82,1677.0,54.91,2738.6,9,B123,A,84.47,None,58.01,16.85,17.43,62,195.0,Low,None,Low
EV300097,2025-02-21 03:00:00,F04,L07,M026,Machining,Valve,71.89,1.71,7.51,22.91,1940.0,48.77,7491.9,398,B141,B,92.58,Electrical,43.29,10.98,2.61,419,585.0,LOW,Machining,Low
EV300098,2025-01-30 19:00:00,F03,L02,M020,Machining,Motor,81.89,2.29,,18.1,1725.0,37.93,12657.5,216,B154,C,92.61,NONE,42.08,5.12,17.11,339,444.0,Low,None,Low
EV300099,2025-03-09 07:30:00,F05,L08,M020,,Motor,68.18,4.22,7.53,16.73,1607.0,55.79,1121.5,104,B163,A,91.23,None,31.62,14.15,7.88,62,137.0,Low,None,Low
EV300100,2025-01-30 22:00:00,F03,L07,M025,Finishing,Controller,79.52,3.29,7.18,13.13,1803.0,42.42,3446.9,300,B126,B,94.89,None,34.48,16.08,1.89,218,545.0,Low,None,Low
EV300101,2025-01-01 02:00:00,F03,L03,M014,Assembly,Motor,89.53,1.37,6.8,16.5,1629.0,28.95,10102.7,436,B129,B,79.18,Electrical,52.29,11.45,11.58,444,206.0,Low,Assembly,Low
EV300102,2025-01-04 07:30:00,F03,L04,M013,Machining,Valve,68.9,0.92,9.3,14.4,2314.0,49.32,14791.3,100,B124,B,90.67,None,48.78,4.57,6.68,327,500.0,Low,None,Low
EV300103,2025-01-16 04:00:00,F01,L03,M008, Welding ,Gearbox,72.89,3.28,6.8,12.8,1725.0,41.4,8338.6,329,B102,B,96.26,None,49.32,11.72,8.21,63,472.0,Low,None,Low
EV300104,2025-02-01 22:00:00,F02,L04,M020, Inspection ,Controller,55.72,1.59,5.08,22.52,2209.0,34.74,14214.6,192,B164,C,84.22,None,48.99,12.91,8.2,190,532.0,Low,None,Low
EV300105,2025-03-15 00:00:00,F03,L03,M025,Machining,Pump,77.29,3.83,6.66,15.23,1261.0,57.56,6680.7,189,B123,C,86.18,None,51.22,8.96,8.77,283,542.0,Low,None,
EV300106,2025-02-16 15:00:00,F02,L05,M036,Finishing,Valve,77.12,1.57,6.18,18.77,1545.0,38.29,6175.5,215,B135,C,83.42,Surface,41.59,38.47,1.56,453,254.0,Low,Finishing,Medium
EV300107,2025-03-15 08:00:00,F03,L01,M039,Welding,Controller,64.63,1.41,9.27,15.26,1560.0,44.83,12070.7,63,B110,C,83.15,Assembly,46.11,15.15,5.7,160,349.0,Low,Welding,Low
EV300108,2025-02-02 19:30:00,F05,L04,M031,Inspection,Valve,64.69,0.78,6.34,15.0,,34.22,2428.6,316,B171,A,99.0,None,33.97,36.32,3.79,593,524.0,Low,None,
EV300109,2025-02-05 15:30:00,F02,L04,M008,Assembly,Gearbox,88.27,3.98,7.4,15.25,1448.0,58.07,9052.0,42,B141,C,93.52,None,50.98,5.66,0.0615,62,147.0,Low,None,Low
EV300110,2025-01-17 07:00:00,F03,L03,M038,Raw Material,Motor,68.67,4.71,4.25,20.59,1783.0,51.84,3314.7,168,B100,B,100.0,None,41.91,18.58,2.74,584,320.0,Low,None,Low
EV300111,2025-01-21 02:00:00,F02,L03,M022,Finishing,Motor,34.6,0.35,7.57,12.7,1780.0,47.31,12521.1,210,B165,B,94.47,None,47.24,8.06,1.04,359,381.0,Low,None,Low
EV300112,2025-02-12 15:30:00,F05,L04,M008,Inspection,Gearbox,61.99,2.22,7.07,18.82,1780.0,40.07,12865.1,232,B121,B,90.93,Surface,29.59,13.65,9.62,265,271.0, Low ,INSPECTION,Low
EV300113,2025-03-08 12:00:00,F03,L05,M020,Inspection,Gearbox,60.61,1.77,8.35,12.43,1587.0,48.53,2159.2,497,B127,C,86.06,Material,50.91,11.43,9.83,271,115.0,Low,Inspection,Low
EV300114,2025-01-08 14:30:00,F05,L01,M005,Raw Material,Controller,63.97,4.99,6.99,9.48,1915.0,49.21,9594.3,404,B105,A,100.0,None,46.36,24.54,19.24,385,214.0,Low,None,Medium
EV300115,2025-01-30 15:00:00,F03,L03,M015,Welding,Motor,51.16,3.05,8.62,15.42,,46.94,14314.5,102,B165,A,95.29,None,63.28,13.3,17.7,425,397.0,Low,None,Medium
EV300116,2025-01-11 00:30:00,F03,L04,M020,Machining,Motor,51.73,1.82,6.07,17.43,1449.0,53.59,10304.4,304,B135,,93.62,None,42.35,5.75,19.47,417,495.0,Low,None,Low
EV300117,2025-02-08 09:00:00,F02,L01,M011,Inspection,Pump,64.23,1.29,7.11,19.77,1740.0,45.89,4683.0,456,B121,C,91.75,NONE,49.67,13.26,9.32,374,264.0,Low,None,Low
EV300118,2025-01-11 07:00:00,F03,L02,M027,Assembly,Valve,62.33,5.03,8.76,10.25,1489.0,47.1,8415.0,317,B101,A,85.59,None,40.13,28.66,10.89,570,395.0,Low,None,Medium
EV300119,2025-01-05 10:00:00,F02,L06,M039,Welding,Valve,66.99,1.61,7.56,20.25,2160.0,43.1,10467.1,458,B147,A,75.07,None,51.76,4.77,24.99,90,552.0, Low ,None,Low
EV300120,2025-01-02 01:00:00,F04,L04,M034,Raw Material,Motor,53.44,4.49,4.16,17.87,1898.0,44.04,8006.4,232,B143,A,88.3,None,25.23,16.39,11.6,383,343.0,Low,None,Low
EV300121,2025-02-26 16:30:00,F02,L06,M030,Assembly,Pump,68.23,1.05,7.62,22.42,1738.0,28.45,2250.4,67,B127,C,90.54,Assembly,46.66,8.56,15.78,426,260.0,Low,Assembly,Low
EV300122,2025-01-04 14:00:00,F01, L04 ,M025,Raw Material,Controller,38.35,1.0,7.14,18.55,1217.0,33.14,1568.4,318,B176,A,78.19,Electrical,50.39,11.11,14.31,568,562.0,Low,Raw Material,Low
EV300123,2025-01-08 10:30:00,F02,L08,M036,Welding,Motor,77.53,6.41,7.4,19.37,1607.0,46.17,14207.3,56,B151,B,90.99,None,54.11,8.41,7.08,460,270.0,Low,None,Low
EV300124,2025-02-17 11:00:00,F01,L07,M024,Welding,Gearbox,70.68,2.95,8.97,16.7,1402.0,38.88,1128.1,73,B125,B,77.0,None,29.76,13.66,15.44,486,356.0,Low,None,Low
EV300125,2025-02-18 08:00:00,F04,L06,M003,Welding,Pump,86.81,1.23,7.61,18.97,1782.0,57.47,1318.1,486,B109,A,93.08,None,60.09,13.57,10.66,405,476.0,LOW,None,Medium
EV300126,2025-01-02 20:30:00,F03,L04,M039,Welding,Motor,88.29,0.96,5.45,18.11,1630.0,51.99,530.3,5,B111,C,91.84,None,46.17,43.03,4.04,563,140.0,Low,None,Medium
EV300127,2025-02-06 06:00:00,F04,L07,M007,Inspection,Valve,63.67,3.94,7.38,12.89,1547.0,39.83,9173.4,461,B153,A,89.08,None,64.05,16.16,3.92,497,101.0,Low,None,Medium
EV300128,2025-01-24 03:30:00,F03,L02,M016,Inspection,Pump,70.39,1.67,7.22,24.87,1765.0,45.31,11812.4,24,B102,B,85.34,None,42.96,8.23,4.64,503,470.0,Low,None,Low
EV300129,2025-01-23 10:30:00,F04,L03,M003,Assembly,Controller,73.28,6.15,8.15,17.79,1809.0,42.25,13453.7,437,B151,B,97.06,None,42.49,5.05,12.15,548,209.0,Medium,None,
EV300130,2025-01-16 04:00:00,F02,L08,M038,Finishing,Controller,85.21,2.08,4.5,11.3,2000.0,32.61,1872.1,382,B151,B,95.23,None,21.65,14.98,9.67,413,229.0,Low,None,Low
EV300131,2025-01-16 02:30:00,F01,L05,M021,Inspection,Motor,65.26,2.32,5.56,21.72,1203.0,42.06,4995.0,150,B170,B,90.35,None,43.91,1.7,1.37,122,517.0,Low,none,Low
EV300132,2025-01-09 04:30:00,F03,L01,M020,Inspection,Valve,70.8,2.61,5.53,11.55,1630.0,32.6,14427.3,154,B178,C,93.18,Surface,56.41,25.74,4.3,110,215.0,low,Inspection,Low
EV300133,2025-02-09 06:30:00,F03,L08,M029,Raw Material,Valve,51.29,5.28,6.42,15.78,1764.0,35.19,9032.3,40,B148,B,82.37,Material,36.98,8.6,5.72,517,331.0,Low,Raw Material,Low
EV300134,2025-03-05 21:30:00,F03,L03,M017,Assembly,Controller,74.59,1.3,7.8,16.43,1935.0,36.83,3179.1,80,B118,A,83.89,Dimensional,57.05,9.25,3.7,559,135.0,Low,Assembly,Low
EV300135,2025-01-24 20:00:00,F04,L03,M035,Inspection,Motor,73.64,4.06,7.59,12.29,1780.0,44.12,12109.1,308,B164,B,100.0,None,54.43,14.96,7.88,161,273.0,Low,None, Low 
EV300136,2025-02-03 06:30:00,F03,L01,M005,Welding,Gearbox,84.99,4.96,7.86,19.23,,46.74,8406.4,105,B166,B,94.85,Surface,59.68,33.03,5.34,448,144.0,Low,Welding,Medium
EV300137,2025-02-19 17:00:00,F03,L08,M035,Welding,Valve,62.09,3.65,7.96,21.4,1423.0,41.96,8309.7,71,B133,B,100.0,Dimensional,19.07,15.95,5.66,491,294.0,Low,Welding,Low
EV300138,2025-02-18 02:30:00,F05, L03 ,M006,Raw Material,Valve,72.19,4.15,,18.73,1634.0,56.69,12100.8,160,B172,A,86.77,None,28.23,5.28,7.47,567,562.0,Low,None,Low
EV300139,2025-01-06 17:30:00,F04,L01,M003,Inspection,Motor,70.51,2.96,8.01,19.41,2080.0,36.75,1229.5,377,B139,C,88.79,None,66.34,5.72,21.7,545,265.0,Low, None ,Medium
EV300140,2025-01-24 10:00:00,f01,L08,M003,Inspection,Controller,56.43,2.95,6.57,14.66,1573.0,44.93,11622.1,365,B131,C,90.67,none,43.74,10.62,0.61,215,54.0,Low,None,Medium
EV300141,2025-03-09 11:30:00,F04,L03,M006,Raw Material,Gearbox,67.16,0.35,5.64,16.81,1896.0,35.83,6613.8,418,B174,B,88.42,Material,33.55,17.63,12.56,527,581.0,Low,Raw Material,
EV300142,2025-01-04 12:00:00,F04,L05,M037,Welding,Gearbox,49.43,1.18,7.8,19.33,1276.0,39.89,2895.3,67,B153,B,87.71,Dimensional,56.08,7.9,19.36,533,433.0,Low,Welding,Low
EV300143,2025-03-12 12:00:00,F03,L02,M028,Inspection,Controller,64.08,3.49,7.75,19.75,1866.0,60.07,3527.9,366,B146,C,84.25,None,38.53,4.26,0.96,103,79.0,Low,None,Low
EV300144,2025-03-02 19:00:00,F04,L06,M036,Finishing,Gearbox,83.88,3.65,7.91,12.31,1863.0,29.18,8747.2,105,B163,C,95.03,None,59.97,19.1,16.58,581,531.0,Low,None,Low
EV300145,2025-02-04 23:00:00,F04,L01,M014,Inspection,Controller,60.06,2.25,6.53,13.83,2391.0,46.15,11333.7,485,B108,C,88.03,Electrical,50.49,8.01,5.78,514,89.0,Low,Inspection,Medium
EV300146,2025-01-08 01:00:00,F02,L06,M019,Welding,Motor,50.74,2.99,5.69,13.23,1597.0,49.62,3848.9,154,B175,B,95.09,None,31.08,7.41,1.51,58,185.0,low,None,Low
EV300147,2025-01-06 10:00:00,F05,L01,M017,,Motor,54.29,1.63,6.79,25.05,1695.0,50.09,5330.8,117,B125,C,93.31,,43.68,19.27,11.42,126,498.0,Low,None,Low
EV300148,2025-02-04 05:30:00,F05,L03,M021,Inspection,Valve,57.92,3.39,6.73,12.65,1993.0,38.45,3096.7,180,B119,B,84.54,None,58.4,4.82,7.08,3030.0,530.0,Low,None,Low
EV300149,2025-01-17 00:00:00,F04,L07,M031,Assembly,Pump,80.23,1.1,5.47,19.77,1770.0,40.64,4402.5,141,B176,B,97.37,None,49.24,22.1,4.23,91,225.0,Low,None,Low
EV300150,2025-02-27 10:30:00,F04,L06,M039,Welding,Valve,55.53,2.57,6.12,12.89,1944.0,28.02,9722.3,248,B170,B,95.73,None,43.75,25.09,15.45,579,466.0,Low,None,Low
EV300151,2025-02-22 07:30:00,F05,L05,M035,Raw Material,Controller,81.03,4.14,7.7,19.36,1829.0,42.91,4913.7,137,B135,B,85.52,None,52.07,22.16,13.26,140,528.0,Low,None,Low
EV300152,2025-01-19 17:30:00,F03,L01,M018,Finishing,Gearbox,48.53,7.62,6.67,16.18,1485.0,44.87,3093.5,170,B164,A,92.02,None,62.22,5.48,3.44,152,475.0,Medium, None ,Low
EV300153,2025-02-07 08:30:00,F01,L08,M037,Assembly,Pump,58.27,3.84,8.01,20.22,2188.0,47.71,14733.0,308,B142,C,84.76,None,52.41,6.38,8.69,128.0,529.0,Low,None,Low
EV300154,2025-03-14 01:30:00,F02,L04,M010,Assembly,Valve,43.64,3.62,6.9,16.9,2058.0,43.58,1448.4,434,B163,B,94.66,None,63.54,12.79,5.44,141,354.0,Low,None,Medium
EV300155,2025-02-07 11:30:00,F01,L07,M008,Machining,Motor,74.07,0.71,6.08,21.61,1704.0,31.82,7342.9,370,B101,A,97.11,None,37.34,11.5,0.37,162.0,450.0,Low,None,Low
EV300156,2025-03-06 18:30:00,F05,L05,M019,Assembly,Pump,72.01,2.87,4.09,20.05,1739.0,39.51,11638.4,255,B146,C,89.24,None,56.99,6.43,5.05,475,443.0, Low ,None,Low
EV300157,2025-01-20 12:00:00,F04,L03,M007,Assembly,Pump,62.74,3.06,9.48,14.53,1598.0,32.01,11869.3,491,B119,C,88.92,None,52.67,13.25,13.85,186,433.0,Low,None,Low
EV300158,2025-03-11 07:00:00,F01,L04,M010,Raw Material,Pump,98.37,2.48,7.26,25.35,1995.0,39.95,10955.0,175, B136 ,C,92.77,Dimensional,41.15,28.66,2.3,558,350.0,Low,Raw Material,High
EV300159,2025-02-09 19:00:00,F05,L04,M020,Finishing, Pump ,66.69,2.89,6.12,13.15,1943.0,38.63,9984.0,268,B175,C,84.92,None,43.45,0.58,12.41,171,244.0,Low,None,Low
EV300160,2025-01-15 19:00:00,F02,L01,M039,Welding,Motor,69.27,6.72,7.17,17.11,1638.0,37.74,14193.8,484,B145,C,100.0,None,52.15,16.05,15.48,464,370.0,Medium,None,Low
EV300161,2025-01-26 14:00:00,F04,l02,M008,Welding,Motor,50.93,4.55,7.77,16.94,1353.0,36.54,2883.5,462,B174,A,94.36,None,43.01,5.28,26.93,334,348.0,Low,None,low
EV300162,2025-01-08 12:30:00,F01,L05,M009,Welding,Valve,66.37,0.41,5.42,22.07,1591.0,47.71,8551.9,203,B130,B,82.67,None,49.28,3.65,15.48,407,347.0,Low,None,Low
EV300163,2025-02-25 14:00:00,F05,L01,M018,Assembly,Gearbox,72.44,4.43,6.35,18.15,1828.0,48.64,7385.5,485,B167,A,95.25,None,49.84,13.19,4.33,343,52.0,Low,None,Low
EV300164,2025-02-21 09:30:00,F05,L06,M005,Assembly,Controller,89.72,3.2,6.63,16.89,1720.0,36.92,8929.3,159,B110,C,94.76,None,37.86,15.96,13.69,287,597.0,Low,None,LOW
EV300165,2025-01-12 07:30:00,F03, L08 ,M033,Raw Material,Pump,52.85,3.72,7.8,12.72,1914.0,58.21,12659.3,253,B100,C,91.02,None,43.08,1.25,18.41,150,105.0,Low,None,Low
EV300166,2025-01-01 09:00:00,F04,L02,M039,Raw Material,Motor,69.35,2.65,33.15,10.16,2094.0,38.0,7271.8,175,B174,C,84.18,None,44.45,8.39,16.34,318,336.0,Low,None,Low
EV300167,2025-03-08 20:30:00,F03,L01,M013,Raw Material,Gearbox,57.88,2.76,5.73,17.73,2204.0,41.62,10641.5,389,B179,A,100.0,Surface,48.51,32.13,1.77,71,130.0,Low,Raw Material,Medium
EV300168,2025-02-19 13:00:00,F04,L04,M004,Assembly,Pump,39.37,1.47,7.48,16.59,1867.0,51.74,11464.9,32,B115,C,90.9,None,52.18,24.99,3.94,484,99.0,Low,None,Medium
EV300169,2025-01-08 23:30:00,F05,L01,M010,Finishing,Valve,71.28,4.16,6.39,14.86,1939.0,30.71,3990.7,392,B145,C,93.45,Dimensional,49.47,50.73,5.45,223,357.0,Low,Finishing,Low
EV300170,2025-02-14 08:00:00,F05,L01,M012,Raw Material,Motor,83.44,1.18,8.55,24.47,1979.0,39.57,11635.7,469,B102,A,83.39,None,50.14,9.0,72.42,405,429.0,Low,None,Low
EV300171,2025-03-03 16:00:00,F04,L05,M013,Raw Material,Motor,61.08,1.47,5.83,14.53,1370.0,49.36,1211.5,113,B158,C,83.46,None,34.99,22.35,16.23,458,586.0,Low,None, Medium 
EV300172,2025-03-04 10:00:00,F02,L08,M013,Raw Material,Controller,65.45,3.08,8.6,14.42,2162.0,24.39,7774.6,91,B158,A,100.0,Surface,41.77,6.18,10.17,79,528.0,Low,Raw Material,Low
EV300173,2025-01-10 22:30:00,F04,L06,M004,Assembly,Controller,50.37,1.79,5.77,22.27,1821.0,34.83,14291.7,3,B172,A,100.0,Material,65.24,30.13,4.97,115,526.0,Low,Assembly,Medium
EV300174,2025-02-28 06:30:00,F03,L02,M039,MACHINING,Gearbox,70.71,3.3,5.91,18.51,1591.0,55.78,13208.1,469,B109,A,81.71,None,43.01,13.13,8.23,379,474.0,Medium,None,Low
EV300175,2025-03-10 15:30:00,F01,L07,M005,Assembly,Valve,63.57,2.42,6.33,25.71,1862.0,30.99,10350.0,499,B124,B,96.51,Material,47.88,1.45,13.99,364,162.0,Low,Assembly,Low
EV300176,2025-01-01 15:00:00,F03,L05,M030,Machining,Pump,47.08,5.47,6.95,16.86,1676.0,53.76,1223.6,80,B121,B,94.59,None,43.81,3.7,6.7,270,542.0,Low,None,LOW
EV300177,2025-03-02 16:00:00,F01,L05,M038,Inspection,Gearbox,81.7,4.41,5.75,14.38,1723.0,44.1,11533.2,224,B149,A,91.05,None,44.98,7.95,11.56,93,135.0,Low,None,Low
EV300178,2025-03-06 15:30:00,F03,L08,M038,Assembly,valve,68.97,5.51,7.57,11.55,1679.0,34.79,2389.2,189,B117,A,81.2,None,19.62,5.12,6.82,515,489.0,Low,None,Low
EV300179,2025-02-01 00:00:00,F02,L01,M009,Assembly,Valve,68.57,1.22,6.45,22.28,1593.0,34.77,11161.7,253,B172,C,100.0,None,58.15,1.6,10.89,72,367.0,Low,None,Low
EV300180,2025-01-19 17:00:00,F05,L02,M032,Machining,Controller,71.62,4.06,8.59,19.31,1843.0,38.61,14456.0,13,B118,A,83.26,NONE,51.88,27.31,11.99,119,457.0,Low,None,
EV300181,2025-01-19 21:00:00,F02,L08,M010,Inspection,pump,65.75,2.05,6.77,16.93,1362.0,40.57,9549.3,144,B157,A,91.93,Dimensional,47.8,3.98,6.38,409,329.0,Low,Inspection,Low
EV300182,2025-03-03 11:30:00,F04,,M013,Finishing,Pump,70.51,2.59,5.69,13.04,1802.0,47.4,9021.2,460,B172,C,93.11,None,55.19,27.86,12.34,76,530.0,Low,None,Medium
EV300183,2025-01-29 13:30:00,F02,L01,M017,Inspection,Valve,87.07,1.7,6.84,28.99,1574.0,46.87,7896.2,36,B125,C,95.6,None,30.8,9.3,26.08,509,324.0,Low,None,Low
EV300184,2025-02-16 15:30:00,F05,L07,M008,Raw Material,Gearbox,59.86,2.79,,16.97,2231.0,28.96,14363.8,379,B132,A,66.59,Material,38.7,5.29,38.26,364,545.0,Medium,Raw Material,LOW
EV300185,2025-01-27 11:30:00,F02,L02,M012,Finishing,Gearbox,52.15,5.18,5.66,17.54,1677.0,40.51,6012.3,88,B157,B,93.71,None,43.81,0.81,2.88,368,40.0,low,None,Low
EV300186,2025-03-15 02:30:00,F01,L02,M013,Assembly,Pump,68.44,0.39,7.01,20.49,1845.0,43.22,8676.0,450,b103,A,78.16,None,52.73,7.67,1.93,200,321.0,Low,None,Low
EV300187,2025-01-31 06:30:00,F04, L05 ,M028,Welding,Pump,84.66,7.02,7.36,9.58,1490.0,18.55,8290.1,168,B102,C,99.16,Dimensional,40.44,4.47,1.7,87,364.0,Medium,Welding,Low
EV300188,2025-02-20 04:30:00,F04,L05,M011,Finishing,Controller,83.22,2.2,6.52,20.26,2284.0,42.75,10492.2,137,B109,B,100.0,None,39.71,7.57,13.73,287,360.0,Low,None,Low
EV300189,2025-01-16 12:30:00,F04,L03,M010,Raw Material,Gearbox,75.74,1.0,6.79,20.17,1787.0,71.67,14938.2,274, B103 ,A,89.49,Electrical,47.27,18.36,1.87,313,256.0,Low,Raw Material,Low
EV300190,2025-02-18 15:00:00,F04,L01,M004,Finishing,Motor,104.58,2.4,7.82,12.17,1801.0,50.2,7429.7,454,B134,A,89.26,None,44.95,14.87,1.51,395,588.0,Medium,None,Low
EV300191,2025-03-04 03:00:00,F05,L07,M033,Assembly,Controller,73.92,6.76,9.24,14.7,2066.0,46.07,13490.5,264,B150,C,90.36,NONE,37.47,5.91,9.14,222,459.0,Low,None,Low
EV300192,2025-01-17 23:00:00,F05,L01,M023,Assembly,Motor,59.84,2.91,6.34,16.48,1754.0,34.09,14263.1,270,B128,B,79.54,None,53.55,9.11,4.69,137,512.0,Low,None,Low
EV300193,2025-01-25 08:30:00,F01,L04,M037,Machining,Motor,88.56,4.43,6.6,22.12,1749.0,19.99,12929.6,208,B108,C,82.11,None,49.89,6.71,5.88,447,526.0, Low ,None,Low
EV300194,2025-01-06 14:00:00,F04,L06,M030,Raw Material,Gearbox,64.37,4.11,8.36,19.11,1640.0,58.54,7859.6,428,B176,A,94.41,None,53.03,3.03,6.69,200,427.0,Low,None,Low
EV300195,2025-01-14 12:30:00,F01,L08,M009,Finishing,Motor,68.95,1.78,5.36,14.48,1756.0,35.05,6353.0,95,B112,A,80.8,None,30.1,18.32,3.53,90,119.0,Low,None,Low
EV300196,2025-02-02 09:30:00,F03,L04,M028,Welding,Gearbox,72.39,2.47,7.41,18.82,1690.0,32.93,6086.3,392,B117,C,100.0,None,41.15,12.18,11.84,432,168.0,Low,None,Low
EV300197,2025-02-04 12:00:00,F05,L08,M001,Inspection,Valve,68.09,2.18,5.88,15.13,1985.0,36.56,6067.2,67,B162,C,91.95,None,40.61,13.13,6.17,195,509.0,Low,None,
EV300198,2025-01-17 11:00:00,F05,L06,M030,Welding,Pump,81.43,3.11,7.31,13.97,1889.0,47.01,212.5,472,B118,C,75.34,None,32.37,25.57,11.71,206,536.0,Low,None,Low
EV300199,2025-01-25 11:00:00,F01,,M032,Raw Material,Motor,62.62,2.19,5.9,18.1,1411.0,44.91,315.5,472,b128,B,86.51,NONE,50.96,16.45,1.43,170,415.0,Low,None,Low
EV300200,2025-01-10 23:30:00,F04,L08,M007, Welding ,Pump,78.42,3.36,6.86,16.34,2083.0,29.09,14826.2,212,B166,B,96.21,NONE,51.11,7.86,19.38,369,580.0, Low ,None,Low
EV300201,2025-01-10 03:30:00,F05,L07,M001,Raw Material,Valve,89.76,3.06,4.94,17.2,1711.0,35.6,12473.4,298,B173,A,95.3, None ,58.89,19.07,23.63,210,466.0,Low,None,Low
EV300202,2025-02-18 18:30:00,F02,L01,M009,Finishing,Motor,66.8,2.66,6.65,16.3,2189.0,47.64,6955.6,316,B148,A,88.62,None,58.3,3.82,16.38,151,50.0,Low,None,Medium
EV300203,2025-01-08 13:00:00,F02,L01,M029,Inspection,Valve,70.59,0.55,7.15,11.5,1664.0,36.62,1164.1,401,B125,A,97.13,Electrical,38.99,9.78,24.46,345,79.0,Low,Inspection,Low
EV300204,2025-02-19 13:00:00,F02,L05,M031,Finishing,Controller,89.31,0.59,5.97,17.41,1817.0,45.27,7056.0,99,B174,C,88.2,None,29.54,25.49,10.94,177,369.0,Low,none,
EV300205,2025-01-16 08:30:00,F05,L02,M007,Machining, Gearbox ,72.69,5.41,7.83,13.39,1404.0,53.31,10871.0,459,B156,C,92.46,None,30.88,21.22,18.6,98,307.0,Low, None ,Low
EV300206,2025-01-09 20:30:00,F04,L06,M012,Welding,Pump,82.83,1.92,8.32,19.18,1305.0,38.02,1891.6,105,B158,B,80.99,none,64.61,20.76,4.01,499,375.0,Low,None,High
EV300207,2025-03-16 03:30:00,F04,L07,M012,Inspection,Motor,81.73,3.68,7.78,14.01,1524.0,43.15,12663.7,361,B144,C,89.07,Surface,39.36,1.61,13.61,138,87.0,Medium,Inspection,Low
EV300208,2025-03-09 09:30:00,F02,L08,M027,Inspection,Valve,48.08,5.47,7.52,22.34,1951.0,39.23,3406.0,160,B178,C,95.44,Dimensional,42.54,6.19,10.07,562,450.0,Low,Inspection,Low
EV300209,2025-02-15 11:30:00,F01,L06,M019,Inspection,Gearbox,64.98,1.54,6.4,14.55,1854.0,30.44,6625.9,234,B118,C,76.96,None,54.31,15.83,11.7,260,311.0,Low,None,Low
EV300210,2025-03-10 17:30:00,F03,L06,M008,Raw Material,Gearbox,83.52,1.51,6.2,11.63,1807.0,41.79,1608.5,95,B141,B,98.01,None,53.21,7.36,13.98,149,427.0,Low,None,Low
EV300211,2025-03-11 05:30:00,F03,L03,M032,Finishing,motor,72.71,1.68,9.19,17.18,1714.0,35.51,228.9,17,B135,A,100.0,None,44.59,8.52,5.25,313,306.0,Low,None,Low
EV300212,2025-02-12 23:00:00,F04,L07,M027,Machining,Pump,83.42,1.73,8.54,20.16,1653.0,44.58,3221.8,352,B135,C,80.71,None,33.96,4.68,4.58,281,52.0,Low,None,Medium
EV300213,2025-01-25 16:00:00,F01,L03,M026,Welding,Gearbox,58.26,13.71,7.02,24.36,1161.0,69.92,10279.5,498,B145,C,89.11,None,46.66,39.0,11.71,578,470.0,High,None,Medium
EV300214,2025-01-11 04:00:00,F01,L08,M008,Welding,Motor,68.36,1.76,5.46,19.51,2037.0,35.31,130.3,198,B128,C,88.15,None,53.95,8.23,2.41,266,289.0,Low,None,Low
EV300215,2025-03-15 00:30:00,F01,L08,M016,Welding,Controller,75.03,1.1,6.76,11.43,1633.0,38.3,3117.3,441,B169,A,81.17,Electrical,38.77,4.38,12.0,450,144.0,Low,Welding,Low
EV300216,2025-02-01 16:30:00,F03,L03,M036,Inspection,pump,68.66,1.86,7.12,19.31,2326.0,14.82,5484.3,231,B151,A,84.66,None,42.21,4.79,8.08,178,484.0,Low,None,Low
EV300217,2025-01-02 05:00:00,F05,L07,M030,Raw Material,Valve,78.64,3.52,6.54,19.95,1739.0,40.22,3763.5,145,B164,C,97.53,None,42.2,29.45,15.31,129,286.0,Low,None, Low 
EV300218,,F01,L03,M015,Raw Material,Controller,74.21,1.71,6.62,20.0,1865.0,47.13,1081.4,312,B172,A,92.13,None,44.61,5.47,11.41,122,415.0,Low,None,Low
EV300219,2025-01-23 12:30:00,F03, L06 ,M026,Machining,Pump,81.61,1.01,5.3,19.03,2021.0,33.73,10771.4,78,B130,A,95.16,Electrical,64.23,7.08,10.47,520,142.0,Low,Machining,Medium
EV300220,2025-02-01 04:00:00,F01,L07,M019,Inspection,Gearbox,78.45,8.35,6.59,18.48,1948.0,38.01,3446.3,324,B118,C,64.92,Surface,48.05,0.36,13.21,316,102.0,Low,Inspection,Low
EV300221,2025-01-31 13:00:00,F04,L05,M023,Machining,Controller,78.57,2.06,9.7,20.19,1351.0,42.53,2014.9,372,B107,B,93.27,None,39.06,23.44,12.56,290,181.0,Low,None,Medium
EV300222,2025-03-07 16:30:00,F05,L03,M009,Assembly,Controller,70.02,1.34,5.82,15.9,1444.0,52.45,14097.1,456,B117,A,87.81,,40.64,18.72,1.31,213,193.0,Medium,None,Low
EV300223,2025-01-26 01:30:00,F04,L04,M007,Finishing,Valve,84.85,2.75,7.27,11.47,1583.0,34.39,6099.0,213,B170,B,94.52,None,37.77,12.91,5.11,523,585.0,Low,None,Low
EV300224,2025-03-12 10:30:00,F05,L07,M005,Raw Material,Controller,47.33,5.98,8.98,24.52,1906.0,40.68,2241.0,234,B105,C,100.0,None,43.93,18.39,7.0,568,591.0,Low,None,Low
EV300225,2025-02-20 03:30:00,F02,L07,M002,Raw Material,Motor,72.4,3.6,6.42,22.22,1494.0,44.37,4512.9,48,B174,A,90.36,Dimensional,32.59,8.62,2.75,249,141.0,Low,Raw Material,Low
EV300226,2025-01-29 05:30:00, F05 ,L06,M007,Inspection,Controller,60.14,4.39,8.75,25.17,1636.0,39.62,13537.3,257,B115,C,99.07,None,30.04,23.99,15.91,439,,Low,None,Medium
EV300227,2025-02-15 12:30:00,F05,L03,M008,Machining,Motor,65.23,7.47,4.59,14.02,2007.0,50.56,13692.3,118,B156,C,95.83,None,44.82,4.17,11.7,106,120.0,High,None,Low
EV300228,2025-02-21 12:30:00,F04,L02,M025,Welding,Motor,63.19,5.88,9.04,18.52,2000.0,35.83,12885.2,254,B153,C,79.52,None,40.54,3.42,0.96,131,152.0,Low,None,Low
EV300229,2025-03-10 18:00:00,F03,L02,M026,Welding,Motor,64.12,2.63,8.85,21.54,1499.0,57.53,4117.5,464,B143,C,92.87,None,40.52,37.97,21.54,583,560.0,Low,None,Low
EV300230,2025-02-07 20:30:00,F03,L08,M017,Machining,Motor,75.85,6.66,4.24,18.3,,44.77,6684.8,377,B147,B,93.1,None,38.27,7.65,12.62,215,556.0,Low,none,Low
EV300231,2025-01-23 14:00:00,F01,L07,M012,Inspection,Motor,77.19,3.44,8.19,18.38,1652.0,43.71,796.7,453,B148,A,94.09,None,39.53,3.12,13.36,268,67.0,Low,None,Low
EV300232,2025-01-25 14:30:00,F05,L03,M005,Machining,Controller,66.83,3.49,6.68,17.26,2110.0,44.59,8414.6,16,B105,B,97.17,None,46.06,9.73,7.59,408,273.0,Low,None,Medium
EV300233,2025-02-18 21:30:00,F01,L02,M001,Inspection,Valve,77.15,5.21,4.62,17.64,1467.0,34.43,4409.2,47,B132,B,88.94,Surface,34.62,13.66,29.25,511,277.0,Low,Inspection,LOW
EV300234,2025-03-05 01:30:00,F04,L06,M007,Raw Material,Pump,63.08,7.51,6.76,25.04,2105.0,53.99,3491.5,437,B154,B,88.74,None,58.14,16.09,20.22,447,434.0,Medium,none,Low
EV300235,2025-02-14 14:00:00,F02,L06,M027,Machining,Pump,57.36,1.06,7.62,15.55,1512.0,49.51,9931.9,56,B171,,100.0,None,40.32,6.74,13.49,88,563.0,Low,None,Low
EV300236,2025-02-18 04:00:00,f03,L07,M004,Welding,Motor,52.82,5.7,6.33,20.85,1591.0,38.05,14782.3,470,B141,C,87.96,None,60.75,6.77,15.65,326,412.0,Medium,None,Low
EV300237,2025-02-06 09:00:00, F02 ,L03,M020,Finishing,Pump,70.23,3.55,8.08,17.11,1611.0,32.05,9383.6,166,B130,,95.29,Electrical,56.77,25.59,9.91,110,130.0,Low,Finishing,Low
EV300238,2025-02-19 14:00:00,F02,L04,M005,Finishing,Valve,52.85,6.84,7.44,21.36,1713.0,49.28,9584.1,400,B113,A,94.22,,38.57,5.04,11.37,234,133.0,Low,None,Medium
EV300239,2025-02-23 22:00:00,F02,L05,M010,Raw Material,Gearbox,52.79,4.32,7.47,19.64,1934.0,43.11,10338.9,102,B114,C,97.7,None,38.58,8.22,13.3,97,467.0,Low,None,Low
EV300240,2025-03-05 13:00:00,F04,L02,M022,Finishing,Motor,81.18,1.75,7.23,16.16,1818.0,23.92,1820.1,416,B134,A,87.41,None,38.98,11.39,3.2,397,281.0,Low,None,Low
EV300241,2025-01-05 11:30:00,F01,,M001,Machining,Motor,57.36,2.84,8.24,16.35,1548.0,56.29,13108.7,25,B143,A,95.89,none,44.45,12.18,6.09,402,243.0,Low,None,Medium
EV300242,2025-01-05 11:00:00,F04,L01,M006,Raw Material,Valve,48.19,0.59,7.6,13.09,1804.0,46.33,13788.6,451,B110,B,88.47,None,41.94,13.23,5.61,576.0,454.0,Medium,None,Low
EV300243,2025-01-20 03:30:00,F05,L06,M036,Inspection,Gearbox,69.35,2.32,6.53,16.18,1401.0,43.72,2104.1,277,B129,C,91.08,Surface,30.76,14.6,4.54,425,106.0,Low,Inspection,Low
EV300244,2025-01-13 06:30:00,F04,L06,M026,Assembly,Gearbox,34.54,4.18,5.67,14.77,2352.0,43.55,4005.8,140,B131,C,91.68,None,51.68,3.59,7.06,192,554.0,Low,None,Low
EV300245,2025-02-16 23:30:00, F01 ,L06,M025,Machining, Valve ,39.57,2.85,7.7,19.36,1631.0,46.36,6934.5,487,B117,B,100.0,None,43.7,1.63,18.93,524.0,132.0,Low,None,Low
EV300246,2025-01-19 00:00:00,F01,L02,M008,Finishing,Valve,62.33,3.39,6.74,23.82,2095.0,39.19,13016.1,493,B121,B,89.59,None,37.04,14.5,15.34,152,216.0,Medium, None ,Low
EV300247,2025-03-04 16:00:00,F02,L03,M017,Welding,Pump,72.24,2.82,6.95,17.97,1849.0,44.33,2611.2,110,B173,B,100.0,None,35.91,6.67,14.52,285,546.0,Low,None,Low
EV300248,2025-02-10 15:30:00,F04,l05,M005,Raw Material,Controller,88.08,3.51,4.72,19.08,1378.0,65.38,6267.2,170,B158,B,90.93,None,40.86,14.82,3.04,165,80.0,Low,None,Low
EV300249,2025-02-14 06:00:00,F04,L03,M018,Assembly,Motor,57.76,6.75,8.2,18.15,1207.0,45.93,13636.3,104,B114,B,85.56,None,43.9,22.23,4.48,498,358.0,Low,None,Low
EV300250,2025-01-03 16:30:00,F03,L04,M028,Finishing,Controller,47.43,2.93,7.49,16.52,1754.0,64.52,2524.4,315,B114,B,93.34,Electrical,55.97,11.07,6.75,591,132.0,Low,Finishing,Low
EV300251,2025-02-13 12:30:00,F04,L07,M001,Welding,Gearbox,58.01,1.62,8.14,28.6,1792.0,49.47,10856.6,262,B171,A,95.13,Assembly,48.01,4.8,2.02,296,277.0,Low,Welding,Low
EV300252,2025-02-23 09:00:00,F02,L03,M025,Inspection,Controller,56.2,4.14,7.67,11.84,1744.0,62.59,9294.6,255,B153,C,95.58,None,39.81,7.38,18.78,273,321.0,Low,None,Low
EV300253,2025-03-06 15:30:00,F05,L08,M017,Machining,Motor,85.68,4.45,7.35,16.73,2060.0,50.6,2360.9,120,B104,A,80.2,None,51.86,58.59,15.99,381,320.0,Low,None,Medium
EV300254,2025-02-11 00:00:00,F04,L03,M004,Machining,Controller,94.5,1.16,8.43,12.77,1749.0,55.19,7111.6,130,B135,C,77.7,ELECTRICAL,31.19,21.1,4.14,105,301.0,Low,Machining,Low
EV300255,,F05,L01,M003,Inspection,Valve,70.84,3.1,,26.9,1722.0,39.5,4284.4,165,B120,B,84.76,None,52.15,9.85,20.73,256,58.0,Low,None,Low
EV300256,2025-03-10 07:00:00,F03,L04,M021,Inspection,Controller,61.59,0.94,5.94,17.09,1420.0,42.61,5931.9,435,B142,A,98.4,Surface,49.34,31.72,13.14,308,198.0,Low,Inspection,Medium
EV300257,2025-01-19 20:30:00,F03,L05,M005,Inspection,Gearbox,87.0,1.66,4.59,24.51,1662.0,44.35,13580.4,137,B152,A,90.93,None,55.03,16.56,9.48,225,,Low,None,Low
EV300258,2025-02-25 22:00:00,F04,L02,M005,Inspection,pump,86.23,2.73,6.1,22.69,1520.0,52.41,14583.3,366,B104,A,100.0,None,47.28,12.12,7.16,71,459.0,Medium,None,Low
EV300259,2025-01-22 23:30:00,F05,L01,M020,RAW MATERIAL,Controller,65.26,3.02,6.96,12.41,1766.0,46.71,2901.1,8,B117,B,97.31,Surface,38.83,10.64,10.26,206,472.0,Low,Raw Material,Low
EV300260,2025-01-08 06:00:00,F01,L02,M005,Raw Material,Pump,70.88,3.53,7.58,18.0,1731.0,50.96,993.9,255,B158,a,91.77,None,40.02,23.13,4.92,584,94.0,Low,None,High
EV300261,2025-03-15 02:30:00,F04,L05,M039,Machining,Controller,92.73,5.91,8.97,21.98,1766.0,49.15,9485.0,434,B123,B,95.09,Electrical,61.6,8.8,4.7,78,268.0,Low,Machining,Medium
EV300262,2025-01-24 22:00:00,F05,L04,M034,Machining,Motor,69.5,2.15,6.11,23.54,1817.0,61.24,12324.8,425,B104,A,79.88,None,41.75,1.51,16.59,121,533.0,Medium,None,Low
EV300263,2025-03-07 00:00:00,F03,L05,M020,Finishing,Valve,55.08,1.81,6.26,13.24,1633.0,46.51,4121.1,49,B179,A,83.73,Dimensional,37.94,7.34,1.37,236.0,358.0,Low,Finishing,Low
EV300264,2025-02-25 16:30:00,F01,L05,M002,Raw Material, Valve ,54.89,2.73,8.24,13.51,1815.0,35.19,13943.0,220,B115,A,89.53,None,42.99,36.18,24.7,446,220.0,Low,None,Medium
EV300265,2025-03-02 17:00:00,F04,L07,M015,Raw Material,Controller,80.42,1.78,6.63,23.92,1794.0,38.97,620.1,151,B142,C,85.02,None,50.9,6.98,24.43,356,256.0,Low,None,Low
EV300266,2025-02-06 10:00:00,F03,L08,M012,Raw Material,Valve,66.17,5.55,7.04,17.3,2112.0,34.07,6524.9,193,B118,C,92.54,None,45.67,13.51,31.03,208,537.0,Low,None,Low
EV300267,2025-03-08 11:30:00,F04,L04,M025,Raw Material,Controller,54.22,2.31,8.93,21.8,2288.0,32.15,10708.0,397,B161,C,94.77,Dimensional,30.36,11.62,24.55,523.0,202.0,Low,Raw Material,Low
EV300268,2025-02-01 00:30:00,F03,L08,M002,Inspection,Valve,83.68,3.58,6.65,12.1,2082.0,45.13,1056.3,470,B118,C,92.88,None,18.03,26.86,3.7,191,133.0,Low,None,Medium
EV300269,2025-03-15 08:30:00,F03,L04,M017,Finishing,Controller,53.08,7.62,7.44,15.19,2207.0,28.19,1265.9,169,B173,A,94.87,None,37.63,18.16,11.02,320,221.0,Medium,None,medium
EV300270,2025-03-11 06:30:00,F03,L07,M030,Machining,Valve,56.61,2.41,5.64,13.02,1984.0,53.23,11133.2,366,B161,A,82.87,None,43.62,12.14,30.98,466,463.0,Low,None,Low
EV300271,2025-01-30 16:30:00,F01,L01,M040,Raw Material,Valve,63.93,1.29,6.91,13.92,1563.0,51.6,13873.1,484,B109,A,89.35,None,32.31,8.35,14.97,524,103.0,Medium,None,Medium
EV300272,2025-01-08 18:00:00,F03,L04,M036,Finishing,Motor,45.15,5.26,5.67,19.39,1851.0,36.35,2891.3,456,B109,C,78.01,None,52.45,3.72,7.65,188,158.0,Low,None,Low
EV300273,2025-01-02 05:00:00,F05,L02,M006,Finishing,Gearbox,52.42,5.41,6.86,15.09,1773.0,55.15,14576.8,489,B149,A,92.84,,45.79,22.26,4.28,227,406.0,Medium,None,Low
EV300274,2025-01-31 12:30:00,F05,L06,M036,Raw Material,Pump,53.8,4.14,5.12,19.54,1648.0,33.63,7952.7,304,B110,A,87.84,none,62.39,12.76,9.13,429,211.0,Low,None,Medium
EV300275,2025-01-26 13:30:00,F02,L05,M023,Machining,Motor,53.08,2.03,7.09,10.96,1859.0,53.36,8165.5,214,B175,C,87.07,,24.8,1.92,6.7,323,497.0,Low,None,Low
EV300276,2025-02-20 17:00:00,F05,L08,M033,Machining,Motor,72.5,1.22,6.52,22.6,1959.0,47.69,8178.3,336,B164,C,86.04,None,26.52,20.75,10.4,252,101.0,Low,None,Medium
EV300277,2025-02-04 14:30:00,F04,L03,M031,,Pump,77.42,1.19,4.51,18.14,,49.84,5828.5,84,B114,C,95.51,,48.14,36.93,4.17,237,563.0,Low,None,Medium
EV300278,2025-01-14 04:00:00, F05 ,L06,M008,Raw Material,Controller,53.89,1.94,8.28,18.08,2140.0,36.53,12928.8,398,B137,A,95.17,None,48.13,3.49,4.25,468,185.0,Medium,None,Low
EV300279,2025-01-04 00:30:00,F02,L07,M026,Inspection,Motor,70.03,7.85,6.04,18.29,1894.0,45.32,14986.6,286,B131,C,91.85,None,38.56,0.9,8.59,285,570.0,Medium,None,Low
EV300280,2025-02-22 19:00:00,F03,L01,M036,Inspection,Motor,60.98,2.33,6.89,20.36,1722.0,52.3,12363.1,224,B171,A,89.85,None,34.59,17.9,10.55,233,171.0,Low,None,Low
EV300281,2025-02-03 19:30:00,F01,L03,M034,Welding,Pump,60.16,1.38,5.78,19.92,1706.0,40.04,7706.3,389,B168,A,77.61,none,38.57,65.79,9.18,501,537.0,Low,None,Low
EV300282,2025-03-03 13:00:00,F04,L05,M035,Assembly,Motor,61.89,7.14,6.92,6.32,1480.0,48.54,2137.8,99,B138,B,89.69,None,44.11,15.88,7.62,507,569.0,Medium,None,Low
EV300283,2025-01-03 14:00:00,F02,L07,M014,Finishing,Motor,66.65,9.27,5.3,18.66,1369.0,44.16,7059.1,106,B170,B,91.59,None,30.62,21.71,7.22,416,368.0,Medium,None,Medium
EV300284,2025-02-26 15:00:00,F02,L04,M016,Welding,Motor,68.04,2.99,7.14,18.16,1911.0,37.36,3903.8,464,B154,C,89.21,,39.62,37.01,17.17,520.0,126.0,Low,None,Medium
EV300285,2025-02-28 11:30:00,F03,L07,M031,Inspection,Motor,89.01,3.68,5.55,15.84,2029.0,36.87,4497.1,158,B175,A,89.62,Assembly,40.64,7.15,4.33,232,131.0,Low,Inspection,Low
EV300286,2025-02-19 15:00:00,F01,L08,M007,Welding,Valve,75.65,2.36,9.49,20.66,1563.0,48.69,12726.7,479,B122,C,78.21,Dimensional,41.87,13.5,15.24,496,513.0,Medium,WELDING,Low
EV300287,2025-01-05 03:00:00,F05,L02,M031,Raw Material,Motor,64.78,2.08,7.17,20.96,1341.0,51.88,7404.7,418,B161,,80.46,None,36.19,13.44,8.32,122,224.0,Low,None,Low
EV300288,2025-01-24 18:30:00,F02,,M039,Raw Material,Pump,71.11,2.43,6.43,25.7,1300.0,35.41,972.7,313,B157,,91.53,None,50.21,21.69,7.21,139,582.0,Low,None,Low
EV300289,2025-02-09 13:30:00,F02,L02,M033,Finishing,Controller,51.13,6.64,8.07,17.08,1889.0,55.91,8771.9,442,B178,A,97.52,None,45.25,3.38,14.38,180,,Low,None,Low
EV300290,2025-02-10 23:30:00,F02,L04,M030,Finishing,Valve,82.25,2.82,7.25,20.98,1780.0,59.26,12868.8,190,B121,C,88.03,Electrical,65.11,10.46,4.92,312,166.0,Low,Finishing,Medium
EV300291,2025-01-24 13:30:00,F05,L06,M030,Raw Material,Motor,64.54,1.35,7.34,26.16,1763.0,47.69,5413.3,282,B135,A,91.87,None,61.61,24.17,11.41,185,194.0,Low,None,High
EV300292,2025-01-19 15:30:00,F01,L03,M038,Assembly,Motor,84.98,1.02,8.78,22.0,1967.0,48.25,13042.2,335,B160,B,82.95,None,37.27,9.96,12.99,505,289.0,Low,None,Low
EV300293,,F02,l07,M004,Welding,Motor,57.46,3.8,7.14,20.57,1470.0,57.09,10595.4,264,B111,C,74.45,None,66.51,0.57,3.82,354,38.0,Low,None,Medium
EV300294,2025-01-28 07:00:00,F05,L02,M040, Finishing ,Controller,77.63,2.51,6.6,10.56,1815.0,60.2,5653.5,301,B173,C,90.98,None,66.55,21.3,12.27,209,436.0,Low,None,High
EV300295,2025-01-31 09:00:00,F04,L01,M028,Machining,Gearbox,74.29,1.13,,21.24,1745.0,51.8,13236.6,339,B116,A,85.07,None,40.35,5.42,30.12,154,292.0,Low,None,Low
EV300296,2025-02-07 12:30:00,F01,L07,M020,Welding,MOTOR,60.47,3.75,6.84,9.43,1542.0,47.71,6507.7,246,B153,A,95.98,None,43.66,6.47,29.77,361,64.0,Low,None,Medium
EV300297,2025-03-13 04:30:00,F01,L08,M014,Machining,Controller,67.07,3.18,8.67,13.9,1584.0,47.83,11295.7,287,B163,C,80.71,None,63.22,9.67,2.77,587,81.0,Low,None,Medium
EV300298,2025-01-09 18:00:00,F03,L07,M014,Finishing,Pump,69.39,2.02,6.34,18.64,2200.0,36.04,8836.5,350,B125,B,95.86,None,60.65,60.5,9.68,361,364.0,Low,None,Medium
EV300299,2025-03-05 02:30:00,F03,L01,M036,Inspection,Gearbox,62.88,3.74,7.03,9.22,1660.0,39.6,8914.2,408,B168,B,82.15,None,19.38,30.06,4.39,377,232.0,Low,None,High
EV300300,2025-01-19 23:00:00,F03,L02,M020,Welding,Valve,78.79,0.31,6.94,16.1,1758.0,46.2,984.1,56,B116,c,88.44,None,46.71,9.19,18.48,505,,Low,None,Low
EV300301,2025-03-10 09:30:00,F01,L08,M030,Finishing,Valve,73.46,1.4,8.79,14.88,1761.0,46.77,10249.5,217,B126,B,86.04,Surface,34.04,2.11,7.42,244,369.0,Low,Finishing,Low
EV300302,2025-02-15 14:30:00,F02,L06,M027,Finishing,Pump,54.19,5.92,3.48,24.39,2192.0,40.44,893.5,414,B171, C ,93.17,None,58.31,19.28,9.7,480,308.0,Low,None,Medium
EV300303,2025-02-22 08:30:00,F02,L05,M036,Inspection,Valve,36.23,3.95,7.48,18.59,1747.0,43.81,3509.0,289,B154,C,86.46,None,23.72,19.39,8.43,122,568.0,Low,None,Low
EV300304,2025-02-06 22:00:00,F01,L01,M004,Inspection,Motor,59.48,1.91,5.65,13.55,2040.0,26.67,12289.9,401,B179,C,94.49,None,45.05,4.38,0.62,559,406.0,Medium,None,Low
EV300305,2025-03-02 06:30:00,F03,L03,M035,Finishing,Pump,88.86,2.14,5.39,20.77,2092.0,30.48,11585.2,390,B177,C,84.35,None,42.15,9.45,13.43,283,574.0,Low,None,Low
EV300306,2025-01-28 00:00:00,F05,L07,M027,Finishing,Motor,49.37,4.6,7.35,14.81,1808.0,36.87,9862.2,204,B130,C,93.46,None,48.17,5.45,10.17,583,341.0,Low,None,Low
EV300307,2025-03-12 17:30:00,F05,L07,M020,Welding,Motor,71.32,1.68,7.8,13.99,1542.0,38.75,12507.3,377,B129,C,81.55,None,37.19,9.73,1.17,327,358.0,Medium,None,Low
EV300308,2025-02-17 21:00:00,F04,L03,M014,Machining,Valve,84.37,1.4,8.42,17.57,1998.0,41.78,8858.1,29,B150,B,91.15,Dimensional,59.66,3.53,0.39,490,447.0, Low ,Machining,Low
EV300309,2025-01-26 14:30:00,F01,L05,M030,Machining,Valve,73.76,2.64,6.78,17.64,1475.0,29.55,3849.4,368,B177,A,99.78,None,31.4,25.22,2.63,495,352.0,Low,none,Low
EV300310,2025-02-23 17:00:00,F03,L05,M014,Inspection,Gearbox,77.53,1.11,7.61,19.5,1639.0,41.94,465.2,304,B176,B,96.86,None,39.76,7.34,29.33,720.0,206.0,Low,None,Low
EV300311,2025-02-19 00:00:00,F04,L08,M027,Machining,Valve,70.45,2.03,5.69,19.47,1738.0,41.01,3638.9,256,B105,C,94.55,None,27.44,37.77,7.41,280,80.0,Low,None,High
EV300312,2025-01-13 04:00:00,F01,L04,M013,Inspection,Gearbox,77.6,0.59,8.6,18.34,1629.0,31.32,1089.9,312,B153,C,82.26,None,42.12,10.37,7.42,328,507.0,Low,None,Low
EV300313,2025-03-03 08:30:00,F01,L08,M001,Assembly,Valve,89.74,2.95,8.29,15.94,2027.0,42.36,3801.5,51,B163,B,100.0,None,45.73,9.07,8.68,480,258.0,Low,None,Low
EV300314,2025-03-05 22:30:00,F05,L08,M008,Raw Material,Controller,90.5,2.75,8.12,12.65,1484.0,38.99,1396.3,451,B101,A,86.89,None,60.04,14.79,7.82,427,282.0,Low,None,High
EV300315,2025-02-15 08:30:00,F03,L03,M022,Raw Material,Valve,33.39,1.98,7.76,15.6,1905.0,47.82,1414.9,210,B175,A,87.09,None,35.48,3.39,2.57,141,352.0,Low,None,Low
EV300316,2025-01-02 07:00:00,F03,L04,M039,Raw Material,Motor,69.63,7.98,7.13,16.83,1996.0,36.56,8464.0,217,B115,A,76.16,None,35.49,8.4,23.31,340,523.0,Medium,None,Low
EV300317,2025-02-27 22:30:00,F05,L02,M004,Inspection,Controller,84.85,2.26,5.56,14.73,1474.0,50.77,1003.3,470,B143,A,94.02,None,46.07,3.6,19.17,561,141.0,Low, None ,Low
EV300318,2025-02-05 13:00:00,F03,L05,M027,Finishing,Motor,47.68,1.57,7.4,20.56,2323.0,28.21,7890.8,382,B128,B,91.57,Dimensional,36.25,2.21,4.99,351,237.0,Low,Finishing,Low
EV300319,2025-01-23 04:30:00,F04,L01,M009,Finishing,Pump,55.09,4.09,9.46,12.92,1939.0,49.14,8218.6,262,B148,A,77.38,None,39.59,11.3,23.46,562,405.0,Low,None,Low
EV300320,2025-02-23 10:30:00,F04,L06,M019,Welding,Controller,61.94,1.24,9.33,17.73,1621.0,41.63,8563.9,105,B153,C,100.0,None,51.7,8.72,29.99,226,504.0,Low,None,Low
EV300321,2025-01-23 04:30:00,F01,L03,M031,Machining,Pump,59.19,1.48,6.44,16.49,1814.0,49.51,366.8,135,B161,B,94.96,None,63.54,15.78,4.94,385,462.0,Low,None,
EV300322,2025-02-04 01:00:00,F02,L03,M033,Machining,Motor,76.96,2.88,6.74,21.99,1670.0,52.89,1454.4,83,B130,C,89.81,NONE,34.05,11.54,2.07,486,253.0,Low,None,Medium
EV300323,2025-01-17 06:00:00,F02,L02,M018,Finishing,Controller,78.54,4.88,7.7,14.73,1860.0,39.06,8518.9,172,B126,A,100.0,None,40.49,11.98,16.44,437.0,516.0,Low,None,Low
EV300324,2025-02-20 22:30:00,F01,L03,M017,Machining,Controller,51.27,5.39,6.57,16.67,1932.0,45.97,4634.9,192,B150,A,87.36,Material,45.71,8.45,2.49,238,131.0,Low,Machining,
EV300325,2025-02-05 13:30:00,F02,L03,M010,Machining, Controller ,66.17,5.17,5.41,12.13,1653.0,46.7,14398.8,330,B127,C,100.0, None ,59.47,51.56,2.9,474,53.0,Low,None,Medium
EV300326,2025-03-04 15:30:00,F01,L03,M025,,Controller,82.75,2.84,9.12,16.37,1446.0,57.58,3413.2,202,B113,B,87.92,Electrical,57.92,1.36,5.81,568,541.0,Low,Finishing,Low
EV300327,2025-01-07 08:30:00,F01,L06,M001,Welding,Motor,90.92,1.89,7.37,19.6,2009.0,43.02,5252.4,326,B106,A,89.75,None,21.25,0.97,15.21,296,254.0,Low,None,Low
EV300328,2025-01-22 21:30:00,F01,L08,M009,Finishing,Controller,65.58,0.89,6.44,7.79,1862.0,43.64,9932.6,34,B109,B,88.97,Dimensional,49.73,8.86,13.6,523,36.0,Low,Finishing,Low
EV300329,2025-02-24 08:30:00,F03,L02,M021,Finishing,Motor,39.8,2.8,6.18,21.01,2204.0,33.9,1949.2,370,B174,A,100.0,None,57.88,6.6,12.62,128,222.0,Low,None,Low
EV300330,2025-03-14 14:30:00,F01,L06,M027,Welding,Gearbox,69.42,1.4,9.16,15.29,1901.0,40.59,9050.2,344,B158,C,100.0,Dimensional,60.18,14.8,28.37,519,588.0,Low,Welding, Medium 
EV300331,2025-01-29 13:30:00,F04,L06,M030,Machining,Pump,64.55,1.93,8.27,14.82,1638.0,38.55,9982.1,224,B126,C,85.65,None,35.62,12.08,2.97,337,99.0,Low,None,
EV300332,2025-01-20 10:30:00,F03,L04,M008,Inspection,Gearbox,62.5,2.89,8.18,24.48,1457.0,53.27,9153.6,176,B130,B,89.2,None,52.98,10.62,16.93,571,387.0,Low,None,Low
EV300333,2025-01-28 10:00:00,F05,L08,M010,Assembly,Motor,66.7,1.89,6.54,12.82,1924.0,46.37,5005.0,390,B178,C,90.56,None,45.9,12.44,1.66,525,97.0,Low,None,Low
EV300334,2025-03-12 21:30:00,F01,L01,M035, Raw Material ,Valve,63.46,4.81,5.17,22.93,2183.0,56.18,3072.6,338,B123,A,96.48,Electrical,43.84,9.41,3.49,103,268.0,Low,Raw Material,Low
EV300335,2025-02-20 09:30:00, F01 ,L02,M028,Welding,Gearbox,66.63,1.36,6.05,7.42,1712.0,29.18,12347.3,423, B149 ,B,98.85,None,46.91,29.71,16.87,447,291.0,Medium,None,High
EV300336,2025-01-30 15:30:00,F02,L05,M035,Finishing,Motor,58.72,6.44,9.22,20.0,1460.0,47.23,12840.8,445,B147,C,91.07,None,46.01,6.88,3.87,80,370.0,Medium,None,Low
EV300337,2025-01-03 21:00:00,F05,L02,M024,Inspection,Motor,92.84,5.55,7.31,21.11,1834.0,39.66,3528.3,345,B166,B,81.08,None,50.9,4.92,2.34,82,45.0,Low,None,Medium
EV300338,2025-02-27 08:30:00,F02,L06,M034,Raw Material,Motor,60.16,3.13,3.18,22.6,1499.0,48.18,591.3,479, B167 ,A,99.53,None,57.75,26.06,11.62,234,127.0,Low,None,Medium
EV300339,2025-01-14 22:30:00,F05,L03,M035,Inspection,Pump,65.18,2.48,6.95,19.16,1669.0,25.79,12352.4,190,B103,A,98.29,None,33.23,4.57,4.11,552,492.0,Low,None,Low
EV300340,2025-03-05 04:00:00,F01,L06,M023,Finishing,Pump,72.94,3.23,8.0,24.34,1914.0,52.74,5827.5,473,B149,C,79.12,None,54.85,20.28,8.24,432,547.0,Low,None,Low
EV300341,2025-01-10 16:00:00,F05,L08,M015,Finishing,Valve,47.55,2.64,7.08,25.89,2233.0,47.35,13951.5,390,B157,B,83.37,None,60.53,17.68,4.66,315,540.0,Medium,None,Low
EV300342,2025-03-04 23:00:00,F01,L04,M028,Finishing,Motor,77.66,5.4,7.89,17.56,2129.0,30.44,5579.9,497,B157,C,89.56,None,65.68,5.75,1.31,538,183.0,Low,None,High
EV300343,2025-01-10 20:30:00,F04,L08,M035,Finishing,Controller,78.05,1.53,6.08,17.3,2077.0,41.63,4284.4,134,B102,C,98.59,None,46.13,10.38,19.63,456,153.0,Low,None,Low
EV300344,2025-01-06 20:30:00,F04,L01,M032,Inspection,gearbox,57.5,2.25,6.79,23.71,2036.0,44.81,12232.7,382,b161,B,91.14,None,44.13,6.96,10.01,305,462.0,Medium,None,Low
EV300345,2025-02-01 21:30:00,F01,L08,M013,Welding,Pump,76.11,1.09,5.64,19.71,1456.0,35.9,12247.9,274,B135,A,83.97,None,43.5,10.04,8.63,342,47.0, Low ,None,Medium
EV300346,2025-02-14 15:00:00,F04,L03,M039,Inspection,Controller,68.35,3.23,7.15,14.82,1469.0,37.99,5892.7,336,B112,b,90.45,None,41.76,3.71,9.63,432,110.0,Low,None,Low
EV300347,2025-01-09 07:30:00,F03,L04,M011,Assembly,Motor,63.28,1.48,6.41,16.29,1515.0,45.52,5025.2,406,B121,B,91.81,None,51.29,17.77,8.0,168,124.0,Low, None ,Low
EV300348,2025-03-13 23:00:00,F02,L02,M009,Raw Material,Controller,60.27,1.3,7.37,20.69,2235.0,45.81,2662.2,461,B142,C,86.36,None,72.06,4.92,10.9,580,222.0,Low,None,Medium
EV300349,2025-02-14 10:30:00,F02,L04,M018,Finishing,Motor,69.1,1.37,8.41,11.2,1487.0,51.61,969.6,140,B139,B,91.16,None,62.19,7.8,11.32,495,239.0,Low,None,Medium
EV300350,2025-01-03 22:00:00,F01,l08,M022,Machining,Pump,60.1,4.67,6.27,16.16,,40.46,392.5,296,B136,B,79.47,None,34.53,6.31,12.47,432.0,224.0,Low,None,Low
EV300351,2025-01-06 18:00:00,F01,L08,M029,Welding,Controller,50.91,2.38,5.42,10.9,1802.0,36.18,11512.0,385,B157,B,100.0,Dimensional,33.36,22.6,12.4,508,500.0,Low,Welding,Medium
EV300352,2025-01-10 06:00:00,F04,L02,M034,Raw Material,Gearbox,88.1,1.56,6.42,23.65,1813.0,41.0,12751.8,187,B105,A,82.04,None,52.36,7.51,12.45,454,512.0,Low,None,Low
EV300353,2025-02-04 03:30:00,F01,L04,M019,Assembly,Gearbox,60.83,1.68,7.91,21.71,1885.0,51.7,10180.6,58,B151,A,78.19,None,46.9,7.38,6.83,443,181.0,Low,None,Low
EV300354,2025-03-03 22:00:00,F03,L03,M032,Assembly,Gearbox,53.68,3.4,5.95,24.04,1579.0,51.46,4905.3,454,B179,B,88.25,None,50.93,0.26,16.22,402,,Low,None,Low
EV300355,2025-01-15 00:00:00,F03,L01,M038, Raw Material ,Motor,70.0,2.97,,23.28,1717.0,41.14,10214.3,219,B109,C,96.88,None,39.29,20.23,18.79,396,142.0,Low,None,Medium
EV300356,2025-01-19 07:30:00,F04,L04,M026,Finishing,Gearbox,51.86,1.26,8.73,16.95,1920.0,40.75,7967.9,486,B114,C,97.48,None,45.57,2.83,8.98,578,442.0,Low,None,Low
EV300357,2025-03-11 06:30:00,F05,L07,M029,Assembly,Gearbox,75.0,2.48,8.24,13.83,1780.0,33.06,3247.9,340,B178,B,78.68,None,40.9,11.88,11.54,71,352.0,Low,None,Low
EV300358,2025-03-08 06:30:00,F01,L06,M028,Welding,Motor,75.89,5.1,6.32,16.38,1768.0,41.44,7971.6,64,B110,A,72.75,None,42.62,11.67,7.6,177,108.0,Low,None,Low
EV300359,2025-01-26 21:30:00,F02,L07,M027,Raw Material,Valve,69.58,1.31,4.63,18.77,1676.0,38.6,9869.0,401,B167,A,91.81,,46.21,10.28,7.69,283,275.0,Low,None,Low
EV300360,2025-01-25 18:00:00,F05,L01,M013,Raw Material,Motor,65.34,5.21,9.55,15.71,1932.0,42.26,9960.4,430,B133,C,91.3,None,38.06,11.82,22.98,258,513.0,Low,None,Low
EV300361,2025-02-12 14:30:00,F04,L07,M008,Welding,Pump,81.58,1.32,7.87,19.9,1741.0,35.82,6445.5,17,B154,B,82.52,None,45.63,10.73,20.66,86,403.0,LOW,None,Low
EV300362,2025-03-13 23:30:00,F02,L07,M010,Finishing,Valve,58.3,1.89,7.31,19.81,1061.0,59.35,10570.2,354,B172,B,96.86,none,44.23,5.97,7.3,437,559.0,Low,None,Low
EV300363,2025-02-23 19:30:00,F01,L08,M018,Assembly,Pump,59.98,0.32,6.12,15.99,1888.0,40.05,7143.2,378,B142,C,95.63,None,54.25,8.56,5.63,277,483.0,Low,None,Low
EV300364,2025-03-06 17:30:00,F02,L08,M039,Assembly,Gearbox,93.48,4.08,5.88,14.44,1884.0,45.86,5506.2,108,b118,B,89.14,None,43.66,7.08,4.46,346,80.0,Low,None,Medium
EV300365,2025-03-12 00:00:00,F04,L02,M001,Raw Material,Motor,52.61,2.08,6.46,20.85,1777.0,39.12,3996.4,305,B149,B,80.71,None,33.04,8.07,7.26,263,534.0,Low,None,Low
EV300366,2025-03-15 02:30:00,F03,L03,M019,Assembly,Motor,50.22,1.63,5.74,24.26,1432.0,42.08,1895.5,123,B176,B,85.76,Dimensional,45.89,30.88,2.71,289,188.0,Low,Assembly,Medium
EV300367,2025-02-24 09:30:00,F03,L03,M001,Raw Material,Controller,45.57,0.64,6.67,20.48,1688.0,45.82,10847.8,336,B148,B,91.86,None,45.65,32.13,12.58,114,400.0,Low,None,Medium
EV300368,2025-01-21 16:00:00,F03,L02,M016,Finishing,Gearbox,80.47,3.62,7.41,18.93,1553.0,37.9,4838.0,439,B104,C,88.22,None,57.52,4.95,3.55,525,431.0, Low ,None,Low
EV300369,2025-01-06 06:00:00,F04,L04,M039,Finishing,Pump,76.5,0.97,5.39,18.62,1884.0,43.45,3157.6,209,B148,A,79.48,Electrical,47.13,13.54,4.54,408,374.0,Low,Finishing,low
EV300370,2025-02-08 02:00:00,F01,L01,M033,Welding,Gearbox,95.41,1.81,6.59,23.3,1330.0,38.16,7253.8,479, B169 ,B,97.14,None,56.06,6.67,11.07,294,203.0,Medium,None,medium
EV300371,2025-02-20 19:30:00,F04,L04,M026,Machining,Pump,88.03,2.4,10.05,21.65,,46.83,9836.1,462,B157,B,98.68,None,38.62,34.77,17.84,414,454.0,Low,none,Low
EV300372,2025-01-07 03:30:00,F04,L05,M017,Raw Material,Pump,72.28,3.41,6.3,23.08,1353.0,39.46,10081.7,56,B110,B,86.04,Surface,44.24,17.34,8.67,96,519.0,Low,Raw Material,Low
EV300373,2025-02-06 02:30:00,F04,L02,M040,Inspection,Motor,94.37,3.16,7.7,19.19,1530.0,33.47,11581.9,225,B133,C,95.62,None,43.35,5.57,15.64,367,530.0,Low,None,Low
EV300374,2025-01-05 14:00:00,F03,L06,M026,Assembly,Motor,61.89,3.38,6.37,14.68,2033.0,48.08,12057.9,127,B149,A,95.12,None,28.84,10.51,10.57,349,448.0,Low,None,Low
EV300375,2025-02-28 14:00:00,F04,L08,M004,Raw Material,Pump,77.42,3.74,8.61,21.48,1629.0,34.09,4415.6,236,B164,A,89.52,None,37.08,8.14,37.64,544,262.0,Low,None,Low
EV300376,2025-01-26 05:00:00,F04,L03,M030,Finishing,Pump,58.35,1.47,7.91,16.4,1713.0,37.98,5515.1,381,B100,B,88.0,Dimensional,61.85,19.71,20.16,460,419.0,Low,Finishing,Medium
EV300377,2025-01-26 23:00:00,F02,L04,M019,Assembly,Gearbox,95.92,1.71,6.56,19.84,1897.0,28.18,14455.4,479,B165,A,79.45,Assembly,48.98,6.86,22.2,148.0,334.0,Medium,Assembly,Low
EV300378,2025-01-09 11:00:00,F04,L01,M013,Welding,Valve,93.71,6.53,4.97,17.88,2503.0,42.82,7647.2,86,B102,C,90.96,Electrical,48.18,10.32,18.82,452,384.0,Low,Welding,Low
EV300379,2025-01-14 00:30:00,F02,L03,M020,Assembly,Motor,58.31,2.9,5.68,23.58,1869.0,41.29,3619.0,282,B153,A,86.93,None,42.84,3.29,14.22,434,375.0,Low,None,Low
EV300380,2025-02-14 08:00:00,F02,L01,M039,Inspection,Motor,67.45,0.24,7.58,7.97,1850.0,40.24,7268.3,106,B118,A,91.6,Dimensional,52.37,13.47,9.77,305,344.0,Low,Inspection,Low
EV300381,2025-01-16 22:30:00,F02,L01,M030,Machining,Gearbox,51.95,5.49,6.14,16.11,1752.0,51.35,3240.5,345,B124,B,97.08,None,23.16,1.82,5.91,51,415.0,Low,None,Low
EV300382,2025-03-07 10:00:00,F01,L04,M019,Raw Material,Motor,80.29,3.13,8.17,18.37,1968.0,20.37,3681.8,88,B157,A,79.81,None,46.05,14.59,7.2,375,129.0,Low,None,Low
EV300383,2025-02-03 15:00:00,F03,L05,M022,Raw Material,Pump,42.2,3.57,5.46,19.48,1493.0,43.91,7022.3,163,B155, A ,90.39,None,35.05,6.91,14.24,335,173.0,Low,None,Low
EV300384,2025-01-19 03:30:00,F02,L08,M006,Welding,Motor,89.23,1.31,5.9,25.3,1736.0,36.23,5875.1,149,B114,B,100.0,None,44.17,15.13,8.45,240,594.0,Low,None,Low
EV300385,2025-02-14 17:00:00,F03,L01,M037,Welding,Valve,69.12,5.35,5.13,16.24,1269.0,43.05,5083.2,245,B142,A,83.9,None,52.4,28.13,1.35,102,57.0,Low,None,Medium
EV300386,2025-01-02 19:30:00,F01,L03,M015,Machining,Gearbox,62.23,0.75,5.37,13.29,1429.0,43.16,5690.4,253,B110,C,85.56,Electrical,59.14,5.73,13.13,307,455.0,Low,Machining,Low
EV300387,2025-01-22 04:30:00,F03,L06,M026,Machining,Motor,77.63,3.97,8.14,17.83,1721.0,36.15,11933.2,301,B108,B,90.4,Electrical,52.5,1.33,4.85,507,67.0,Low,Machining,Low
EV300388,2025-02-15 11:00:00,F04,L05,M023,MACHINING,Controller,65.65,4.37,6.74,21.05,1995.0,45.34,14861.2,81,B101,A,89.43,None,43.05,8.98,11.59,550,408.0,Low,None,Low
EV300389,2025-02-17 13:00:00,F03,L05,M035,Raw Material,valve,55.12,1.39,5.4,12.04,1313.0,46.76,8488.0,251,B178,C,96.34,None,38.36,20.19,5.04,214,383.0,Low,None,medium
EV300390,2025-01-26 23:30:00,F03,L03,M008,Raw Material,Motor,80.5,3.04,6.52,24.63,2001.0,40.55,6595.0,473,B178,C,87.79,Assembly,42.72,7.85,2.74,65,267.0,Low,Raw Material,Low
EV300391,2025-02-25 04:00:00,F05,L04,M036,Welding,Pump,68.13,2.62,7.5,21.74,2243.0,50.33,8924.8,471,B163,B,92.96,None,41.26,15.15,17.85,72,515.0,Low,None,Low
EV300392,2025-02-10 22:30:00,F04,L08,M027,Raw Material,Gearbox,67.41,2.41,5.48,16.29,1972.0,36.39,5003.7,149,B144,B,87.47,None,59.71,2.76,2.24,366,183.0,Low,None,Medium
EV300393,2025-03-12 03:00:00, F05 ,L08,M015,Machining,Valve,90.13,3.08,5.91,22.29,1696.0,36.23,9698.9,348,B115,A,95.14,None,47.01,28.32,5.9,296,513.0,Low,None,Low
EV300394,2025-01-08 08:30:00,f03,L01,M014,Assembly,Motor,54.97,2.35,6.95,18.83,1697.0,33.2,4538.4,180,B120,A,87.91,Dimensional,45.82,2.03,9.59,186,468.0,Low,Assembly,Low
EV300395,2025-01-07 10:30:00,F03,L02,M001,Machining,Gearbox,38.71,3.4,5.45,23.98,1578.0,40.73,8203.1,204,B148,C,100.0,None,46.58,7.91,10.18,572,47.0,Low,None,Low
EV300396,2025-02-09 04:30:00,F02,L02,M022,Welding,Motor,78.44,3.36,7.47,20.66,2055.0,45.21,3103.5,233,B130,A,99.36,None,42.03,5.4,10.26,141,465.0,Low,None,Low
EV300397,2025-01-26 21:30:00,F05,L02,M028,Raw Material,Gearbox,84.19,2.86,6.59,12.04,1440.0,37.4,975.9,228,B107,B,82.7,Assembly,30.57,6.7,1.25,482,158.0,Low,Raw Material,Medium
EV300398,2025-01-13 02:00:00,F01,L06,M040,Inspection,Gearbox,56.77,1.58,5.63,18.06,1611.0,34.53,699.0,322,B132,B,84.05,None,31.65,4.51,10.83,305,480.0,Low,None,Low
EV300399,2025-01-05 03:30:00,F04,L02,M021,Raw Material,Valve,57.63,2.37,5.08,15.58,1568.0,36.08,4898.5,122,B179,A,99.99,None,49.61,13.27,2.03,179,142.0,Low,None,Low
EV300400,2025-01-06 05:30:00,F04,L08,M031,Welding,Gearbox,84.53,0.43,6.52,10.39,2067.0,41.24,1816.3,142,B142,B,92.79,None,49.53,18.32,11.62,119,286.0,Low,None,Low
EV300401,2025-03-11 21:00:00,F04,L03,M014,Raw Material,Valve,69.9,2.39,7.79,15.78,1618.0,37.49,2630.8,219,B142,C,83.68,None,45.79,19.71,6.68,351,414.0,Low,None,Low
EV300402,2025-03-01 09:00:00,F05,L02,M019,Machining,MOTOR,59.44,3.84,5.99,13.3,1514.0,58.48,2632.3,128,B144,A,94.42,None,46.49,6.82,1.81,561,435.0,Low,None,Low
EV300403,,F04,L03,M018,Welding,Valve,68.61,2.11,6.32,17.25,2038.0,45.04,10797.1,204,B107,B,100.0,None,49.99,15.28,22.39,242,415.0,Low,None,Low
EV300404,2025-03-01 00:30:00,F02,L05,M009,Machining,Gearbox,79.36,3.11,5.86,20.25,1367.0,51.45,4276.9,265,B166,B,85.56,None,29.95,52.77,24.73,477,102.0,Low,None,Medium
EV300405,2025-02-26 06:30:00,F03,L01,M035,Machining,Motor,69.87,1.2,8.19,26.34,1818.0,45.03,406.7,345,B108,C,91.75,None,48.18,7.78,8.75,178,505.0,Low,None,Low
EV300406,2025-01-03 15:30:00,F05, L06 ,M022,Welding,Gearbox,74.2,1.0,8.77,15.64,1499.0,34.55,8352.6,271,B132,A,73.1,None,47.63,5.92,2.33,421,441.0,Low,None,Low
EV300407,2025-01-05 04:30:00,F03,L06,M024,Finishing,Valve,75.12,1.84,5.93,24.24,1553.0,45.28,402.1,291,B122,C,83.9,NONE,51.72,12.18,18.88,415,53.0,Low,None,Low
EV300408,2025-01-22 03:30:00,F01,L07,M031,Raw Material,Pump,72.36,1.83,7.07,13.21,1687.0,47.71,13698.3,283,B121,A,94.62,Surface,47.95,17.12,11.66,71,299.0,Low,Raw Material,Low
EV300409,2025-03-14 01:00:00,F02,L04,M003,Inspection,Controller,61.65,3.3,6.5,17.9,1796.0,35.37,9669.2,455,B112,B,82.43,None,33.52,1.94,7.16,426,266.0,Low,None,Low
EV300410,2025-02-18 15:30:00,F04,L06,M003,Welding,MOTOR,44.18,4.27,,20.04,1434.0,33.88,6703.7,456,B178,C,94.3,None,55.8,54.39,7.89,73,211.0,Low,None,Medium
EV300411,2025-02-21 12:30:00,F01,L06,M031,Assembly,Motor,70.56,1.55,8.18,15.69,1614.0,56.29,13327.1,454,B134,A,96.89,None,39.43,20.72,2.36,524,243.0,Medium,None,Medium
EV300412,2025-01-21 13:00:00,F03,L04,M029,Finishing,Pump,67.86,2.05,5.92,19.02,1465.0,39.46,8893.9,96,B119,A,91.34,None,56.87,15.93,13.56,468,50.0,Low,None,Low
EV300413,2025-01-01 14:00:00,F02,L02,M034,Raw Material,Valve,79.28,5.46,7.13,16.95,1610.0,37.03,9052.9,229,B125,A,86.6,None,33.98,4.84,39.02,231,530.0,Low,None,Low
EV300414,2025-01-20 21:00:00,F01,L08,M004,Welding,Motor,92.15,1.23,5.76,16.79,1899.0,46.03,2346.3,397,B112,C,95.93,None,52.47,3.74,7.05,268,233.0,Low,None,Low
EV300415,2025-02-28 09:30:00,F01,L01,M011,Finishing,Valve,65.04,2.52,6.8,18.5,2189.0,26.38,14244.8,248,B119,A,100.0,None,50.21,9.15,12.08,188,234.0,Low,None,Low
EV300416,2025-01-26 16:30:00,F04,L02,M032,Assembly,Controller,57.41,2.18,7.49,19.51,1549.0,44.35,2913.8,494,B110,B,88.29,NONE,38.61,12.55,5.86,551,,Low,None,Low
EV300417,2025-01-24 07:30:00,F03,L03,M013,Welding,Motor,75.49,1.79,5.78,16.08,1959.0,31.5,8818.7,372,B135,B,86.27,None,39.12,23.84,0.73,204,540.0,Low,NONE,Low
EV300418,2025-02-24 23:30:00,F02,L02,M036,Raw Material,Pump,102.53,6.95,7.23,24.59,2160.0,48.28,6961.2,422,B134, B ,98.2,Dimensional,52.88,23.52,15.9,76,175.0,Medium,Raw Material,Medium
EV300419,2025-02-06 14:30:00,F04,L03,M036,,Controller,65.94,3.4,5.09,21.0,2055.0,48.24,12934.7,172,B125,,94.33,None,51.0,7.66,6.74,210,233.0,Low,None,Low
EV300420,2025-02-12 12:00:00,F01,L02,M024,Raw Material,Motor,61.18,1.2,5.99,25.75,1745.0,42.53,13778.0,187,B161,B,92.75,None,61.06,4.36,9.86,97,377.0,Low,None,Medium
EV300421,2025-03-10 00:30:00,F03,L08,M028,,Valve,43.01,7.19,8.72,15.1,1800.0,50.28,13537.7,190,B102,A,86.47,Assembly,44.4,5.29,4.28,170,393.0,Medium,Raw Material,Low
EV300422,2025-02-08 06:30:00,F05,L07,M027,Raw Material,Gearbox,83.01,2.66,6.95,22.28,1352.0,46.77,3024.9,338,B172,A,96.29,None,45.34,16.05,4.14,431,583.0,Low,None,Low
EV300423,2025-03-16 03:30:00,F01,L06,M040,Welding,Gearbox,74.37,1.03,5.19,19.16,2216.0,49.43,3414.8,333, B173 ,c,85.21,None,53.28,1.51,14.09,90,291.0,Low,None,Low
EV300424,2025-02-09 12:30:00,F02,L04,M016,Raw Material,Controller,49.88,0.58,5.75,22.32,1921.0,43.7,7265.5,65,B108,b,98.51,None,39.95,5.98,2.83,468,429.0,Low,None,Low
EV300425,2025-01-08 10:30:00,F02,L01,M021,Inspection,Controller,81.17,3.22,7.14,23.05,1683.0,41.89,9524.4,484,b129,B,89.37,None,29.68,13.38,8.68,77,444.0,LOW,None, Low 
EV300426,2025-02-23 07:30:00,F04,,M037,Inspection,Motor,75.73,1.97,8.31,23.06,1484.0,38.03,8374.5,366,B148,A,90.15,None,38.79,15.19,6.99,152,243.0,Low,None,Low
EV300427,2025-01-13 06:00:00,F04,L07,M001,Machining,Valve,70.19,1.92,7.18,28.02,1582.0,31.63,1055.9,29,B171,B,100.0,NONE,51.25,44.98,3.55,504.0,56.0,Low,None,High
EV300428,2025-02-11 15:30:00,F01,L05,M020,Raw Material,Controller,65.2,1.02,8.77,18.66,1742.0,32.22,2011.0,221,B166,B,96.46,Material,43.82,6.32,2.5,259,530.0, Low ,Raw Material,LOW
EV300429,2025-02-06 04:30:00,F01,L07,M031,Machining,Motor,89.09,3.29,5.52,16.11,1505.0,35.75,6011.0,1,B122,C,93.99,None,46.04,4.19,2.67,156,312.0,Low,None,Low
EV300430,2025-01-07 13:30:00,F05,L07,M011,Raw Material,Pump,72.18,1.71,7.37,13.06,1504.0,41.68,14350.7,214,B151,B,90.38,None,39.22,9.92,14.76,18.45,485.0,Low, None ,Low
EV300431,2025-02-02 05:30:00,F05,L01,M020,Raw Material,Motor,90.1,5.05,5.09,15.21,1469.0,47.17,12890.9,31,B136,C,100.0,None,56.33,17.44,4.55,346,269.0,Low,None,Low
EV300432,2025-01-17 17:30:00,F01,L04,M014,Raw Material,Valve,68.57,3.08,7.44,18.98,1997.0,41.86,12375.1,55,B135,C,100.0,None,59.8,31.16,2.12,298,422.0,Low,None,Low
EV300433,2025-02-15 04:30:00,F03,L01,M027,Inspection,Gearbox,91.7,2.16,7.26,15.33,1452.0,48.16,12353.7,371,B128,A,86.84,None,49.87,13.98,10.36,366,367.0,Medium,None,Low
EV300434,2025-01-12 04:00:00,F02,,M030,Welding,Controller,70.22,1.23,5.48,16.34,1893.0,33.15,227.6,408,B129,A,98.35,None,38.49,23.24,29.59,63,306.0,Low,None,Medium
EV300435,2025-01-19 12:30:00,F03,L03,M028,Machining,Motor,74.21,1.45,6.9,25.18,1837.0,36.41,9769.2,485,B145,C,91.21,None,45.26,11.6,19.66,142,287.0,Low,None,Low
EV300436,2025-01-27 10:00:00,F02,L07,M017,Welding,Valve,70.74,1.07,6.37,15.39,2051.0,37.62,12418.9,113,B114,A,98.65,None,64.86,16.29,8.31,297,347.0,Low,None,Medium
EV300437,2025-01-24 00:30:00,F02,L06,M034,Assembly,Valve,57.06,3.42,5.62,24.91,1644.0,45.22,12293.5,35,B136,B,97.29,Surface,43.7,7.25,10.65,448,286.0,Low,assembly,Low
EV300438,2025-01-05 14:30:00,F03,L01,M036,Assembly,Controller,80.81,2.16,7.23,18.97,,36.14,5207.2,460,B127,B,86.25,Surface,68.47,16.76,62.9,560,433.0,Low,Assembly,Medium
EV300439,2025-01-28 01:00:00,F02,L04,M005,Finishing,Gearbox,69.02,2.9,8.18,12.12,1435.0,43.46,10956.1,118,B173,C,77.42,None,40.05,9.5,6.74,590,358.0,Low,None,Low
EV300440,2025-01-28 22:00:00,F02,L01,M002,Machining,Controller,71.61,5.68,6.36,11.09,1706.0,43.22,12946.4,337,B166,A,90.8,None,50.81,13.22,8.12,132,405.0,Low,None,Low
EV300441,2025-02-12 15:00:00,F05, L07 ,M026,Welding,Gearbox,93.64,5.07,0.31800000000000006,19.41,1569.0,39.23,3575.8,311,B147,C,85.62,SURFACE,36.35,4.67,15.49,334,308.0,Low,Welding,Low
EV300442,2025-01-02 04:00:00,F02,L03,M014,Assembly,Gearbox,65.63,2.0,7.32,16.04,1389.0,38.69,12785.3,90,B168,C,100.0,Surface,46.27,13.93,9.58,306,301.0,Low,Assembly,Low
EV300443,2025-01-01 22:30:00,F05,L02,M035,Finishing,Pump,59.21,1.47,7.43,15.95,1854.0,46.65,6262.7,430,B147,A,75.65,None,38.35,3.71,13.4,176,370.0,Low,None,Low
EV300444,2025-02-28 19:00:00,F05,L06,M009,Welding,Pump,71.36,2.06,3.7,12.8,1880.0,44.99,6258.7,150,B100,,88.37,None,49.87,9.68,1.63,418,529.0,Low,None,Low
EV300445,2025-02-09 07:00:00,F02,L06,M002,Raw Material,Controller,85.59,1.92,8.01,19.64,1791.0,31.15,6734.3,307,B176,A,100.0,None,47.36,3.38,14.75,539.0,125.0,Low,None,Low
EV300446,2025-03-01 12:00:00,F01,L03,M026,Welding,Controller,55.09,7.14,6.21,10.33,1586.0,37.26,12273.3,405,B100,B,88.65,None,60.46,31.91,8.22,186,244.0,High,None,Medium
EV300447,2025-01-10 09:00:00,F05,L04,M021,Raw Material,Pump,85.04,1.54,9.15,12.68,1562.0,54.13,1108.8,400,B108,A,81.08,Electrical,47.67,22.86,7.32,235,497.0,Low,Raw Material,Low
EV300448,2025-02-04 23:30:00,F01,L04,M008,Inspection,Motor,30.25,2.63,7.55,19.92,2096.0,48.69,9678.3,481,B141,B,81.0,None,47.57,18.36,8.37,554,266.0,Low,None,Medium
EV300449,2025-03-09 23:00:00,F04,L07,M017,Inspection,Motor,67.2,1.6,7.41,23.47,2269.0,34.95,11654.3,277,B130,A,86.29,None,51.36,2.82,7.27,464,253.0,Low,NONE,Low
EV300450,2025-01-13 05:30:00,F01,L01,M006,Machining,Gearbox,46.9,7.12,5.41,17.06,1710.0,38.05,364.1,46,B162,B,92.93,Assembly,35.58,21.68,18.27,572,178.0,Low,Machining,Medium
EV300451,,F02,L06,M019,Assembly,Motor,66.9,2.02,8.02,20.06,1698.0,40.61,4050.0,105,B174,B,100.0,none,56.55,10.88,8.41,562,196.0,Low,None,Low
EV300452,2025-01-18 15:30:00,F04,L02,M039,Finishing,Controller,79.23,0.6,8.0,9.63,2150.0,44.8,3006.0,171,B103,A,95.88,None,57.1,26.03,1.96,275,555.0,Low,None,Medium
EV300453,2025-03-16 04:00:00,F04,L04,M021,Inspection,Valve,66.39,4.7,8.15,19.98,2187.0,39.57,3878.3,314,B141,A,89.9,Surface,58.54,11.62,5.9,430,256.0,Low,Inspection,Low
EV300454,2025-02-02 17:30:00,F01,L08,M037,Machining,Controller,75.45,6.77,6.63,24.66,1575.0,43.76,6253.3,134,B114,A,100.0,None,53.17,25.37,8.07,97,54.0,Low,None,High
EV300455,2025-03-13 12:30:00,F04,L08,M033,Welding,Pump,72.77,6.25,7.59,22.09,1779.0,46.19,7713.9,308,B174,C,91.52,None,52.32,5.28,12.27,549,149.0,Low,None,Low
EV300456,2025-02-19 11:00:00,F02,L07,M039,Machining,Controller,54.93,3.72,6.41,19.4,1936.0,29.43,13444.6,115,B139,C,90.52,None,50.37,7.39,3.01,519,525.0,Low,None,Low
EV300457,2025-01-04 18:00:00,F04,L01,M008,Welding,Pump,50.21,3.19,7.96,20.43,2180.0,40.2,13828.4,259,B162,A,95.21,NONE,24.47,8.82,3.54,98,531.0,Low,None,Low
EV300458,2025-03-13 04:00:00,F03,L01,M008,Welding,Gearbox,103.71,1.73,6.73,13.3,2023.0,38.21,3166.0,23,B118,A,100.0,None,31.8,27.56,10.64,315,586.0,Medium,None,medium
EV300459,2025-02-25 10:00:00,F05,L03,M015,Finishing,Motor,56.41,1.82,9.47,21.23,1676.0,59.91,1537.3,485,B139,B,84.25,MATERIAL,54.35,9.05,18.04,290,380.0,Low,Finishing,Low
EV300460,2025-03-02 00:00:00,F03,,M012,Finishing,Controller,60.92,4.02,6.3,17.97,1999.0,35.34,13168.4,122,B106,B,98.43,Material,45.07,13.65,18.24,158,254.0,Low,Finishing,LOW
EV300461,2025-02-15 12:00:00,F02,L07,M031,Raw Material,Controller,81.41,4.41,8.63,17.37,2211.0,36.49,4386.4,309,B108,C,94.38, None ,26.96,0.64,1.74,199,415.0,Low,None,Low
EV300462,2025-01-23 20:00:00,F02,L07,M026,Assembly,Valve,67.56,2.53,7.1,26.16,1881.0,37.04,6153.2,67,B142,B,88.86,None,42.98,9.17,7.82,267,355.0,Low,None, Low 
EV300463,,F05,L01,M005,Inspection,Valve,77.72,8.53,7.71,15.61,1207.0,44.23,3941.3,467,B150,A,88.98,Assembly,24.3,14.51,6.45,102,266.0,Medium,Inspection,Low
EV300464,2025-03-03 20:00:00,F01,L05,M014,Machining,Pump,52.58,4.19,6.05,16.66,2212.0,31.72,12986.1,221,B125,A,93.84,,23.94,7.11,5.96,477,552.0,Low,None,Low
EV300465,2025-01-01 03:00:00,F04,L07,M031,Welding,Pump,77.2,1.68,6.4,18.51,2165.0,52.39,5682.6,446,B131,c,99.97,None,43.67,2.32,8.87,234,397.0,Low,None,Low
EV300466,2025-03-10 11:30:00,F03,,M031,Raw Material,Gearbox,77.11,0.8,7.84,18.86,1806.0,46.11,8374.9,177,B159,C,93.4,Dimensional,29.37,2.21,11.15,305,567.0,Low,Raw Material,Low
EV300467,2025-02-22 15:00:00,F05,L01,M012,Machining,Gearbox,79.33,4.83,6.95,22.06,1362.0,38.45,3314.9,426,B150,C,94.36,None,35.81,33.11,3.95,438,273.0,Low,None,Medium
EV300468,2025-01-02 20:00:00,F05,L02,M013,Inspection,Controller,83.93,4.36,9.79,11.92,1747.0,20.2,12627.3,452,B119,A,81.66,,45.18,10.01,11.22,266,338.0,Medium,Inspection,Low
EV300469,2025-02-08 17:30:00,F05,L02,M033,Machining,Motor,73.12,0.85,4.73,18.54,1335.0,42.99,7333.7,157,B149,A,89.9,Surface,56.05,25.96,5.8,583,417.0,Low,Machining,Low
EV300470,2025-01-29 15:30:00,F04,L02,M002,Machining,Motor,88.32,4.32,6.77,17.07,1633.0,37.81,7687.5,65,B101,A,93.11,None,51.65,31.17,5.13,482,568.0,Low,None,Medium
EV300471,2025-02-08 00:00:00,F02,L02,M013,Raw Material,Motor,75.8,2.97,5.71,18.06,1565.0,37.74,12189.5,150,B118,A,81.59,None,51.68,4.91,1.27,352,570.0,Low,none,Low
EV300472,2025-01-27 14:00:00,F04,L02,M029,Inspection,Pump,64.1,2.71,6.43,12.88,1606.0,34.6,4391.5,81,B178,B,95.05,None,34.0,22.12,12.11,413,509.0,low,None,
EV300473,2025-02-09 00:00:00,F01,L08,M024,Machining,Valve,99.47,0.99,7.24,26.13,1531.0,33.71,8222.4,459, B112 ,B,99.5,None,44.94,17.2,9.93,180,237.0,Medium,None,Low
EV300474,2025-01-02 05:30:00,F04,L08,M018,Assembly,Gearbox,82.1,3.17,4.47,23.46,1640.0,32.78,14506.8,322,B133,C,100.0,None,43.17,10.35,6.47,495,447.0,Low,None,Low
EV300475,2025-01-21 23:30:00,F01,L03,M031,Raw Material,Valve,84.34,4.71,9.22,22.23,1947.0,42.59,13339.7,469,B121,A,93.57,None,62.75,2.86,2.56,116,43.0,Medium,None,Medium
EV300476,2025-02-22 08:30:00,F05,L07,M034,Assembly,Gearbox,52.71,2.35,7.24,17.14,2006.0,54.24,360.7,310,B162,B,88.56,None,43.31,9.77,6.56,168,97.0,Low,None,Low
EV300477,2025-01-21 02:30:00,F04,L08,M019,Raw Material,Gearbox,65.92,5.62,7.42,21.05,1724.0,42.05,3945.5,141,B168,C,94.0,None,30.67,18.75,10.78,288,329.0,Low,None,Low
EV300478,2025-01-30 00:30:00,F03,L05,M007,,Valve,60.32,2.73,5.19,22.06,2038.0,33.77,206.8,465,B123,B,91.69,None,47.06,10.82,8.4,317,36.0,Low,None,Low
EV300479,2025-02-01 03:00:00,F02,L04,M017,Raw Material,Gearbox,56.92,1.67,8.3,14.8,2043.0,45.89,6061.9,206,B139,B,90.03,None,40.13,21.31,1.16,395,62.0,Low,None,High
EV300480,2025-01-27 12:00:00,F04,L04,M035,Raw Material,Motor,68.51,2.17,5.86,19.08,2013.0,33.71,9242.4,342,B170,B,89.35,None,49.33,17.79,23.24,193,465.0,Low,None,Low
EV300481,2025-01-03 17:30:00,F04,L05,M019,Finishing,Pump,78.83,3.11,6.29,21.52,1853.0,37.05,9776.8,462,B108,B,100.0,None,35.86,9.96,3.42,459,496.0,LOW, None ,Low
EV300482,2025-01-27 19:00:00,F02,L08,M037,,Valve,72.49,2.23,4.07,15.67,1965.0,40.14,3463.3,41,B175,B,89.7,None,41.43,5.06,2.17,304,467.0,Low,None,Low
EV300483,2025-01-19 15:00:00,F02,L05,M001,Inspection,Valve,84.97,0.51,7.07,18.79,1633.0,36.89,9570.3,349,B121,A,85.62,None,40.03,24.25,2.27,463,430.0,Low,None,Medium
EV300484,2025-01-21 14:30:00,F03,L03,M004,Machining,Motor,53.0,4.77,8.97,18.74,1735.0,50.39,3013.2,110,B126,,92.97,None,349.65000000000003,9.19,5.05,233,498.0,Low,None,Medium
EV300485,2025-01-13 18:30:00,F04,L02,M006,Finishing,Gearbox,57.35,1.19,6.37,26.7,1436.0,32.3,7777.7,356,B147,C,89.71,Surface,57.76,14.89,13.0,295,368.0,Low,Finishing,Low
EV300486,2025-02-02 05:00:00,F05,L05,M027,Finishing,Gearbox,95.66,3.04,6.46,20.29,1816.0,37.99,995.6,362,B124,A,87.29,None,38.47,11.58,10.3,172,367.0,Medium,None,Low
EV300487,2025-01-21 05:00:00,F01,L02,M021,Machining,Controller,68.17,2.39,7.78,13.62,1709.0,50.3,3979.4,461,B110,A,85.96,None,37.11,17.43,9.16,71,88.0,Low,None,
EV300488,2025-01-23 22:30:00,F02,L06,M019,Raw Material,Valve,61.98,2.94,6.58,20.52,1201.0,47.19,3700.0,424,B174,B,85.85,Dimensional,46.21,8.13,7.58,527,152.0,Low,Raw Material,Medium
EV300489,2025-02-07 01:00:00,F03,L08,M001,Inspection,Motor,58.75,4.66,6.24,19.41,1778.0,49.07,671.5,4,B114,A,91.23,None,46.02,18.94,17.31,524,537.0,Low,NONE,Low
EV300490,2025-02-17 17:00:00,F01,L03,M019, Machining ,Gearbox,45.93,2.36,5.82,13.4,2000.0,40.3,11977.4,62,B144,A,90.22,Electrical,49.32,29.39,10.99,368,193.0,Low,Machining,Medium
EV300491,,F04,L06,M026,Welding,Motor,63.36,6.48,5.38,19.79,1882.0,32.08,12080.8,137,B158,A,95.7,None,38.14,4.95,7.4,178,379.0,Low,None,Low
EV300492,2025-01-17 21:30:00,F01,L03,M014,Finishing,Controller,58.49,3.55,4.44,17.42,2193.0,44.14,10393.6,305,B148,C,84.83,None,36.53,6.76,8.7,110,94.0,Low,None,
EV300493,2025-01-27 14:30:00,F05,L07,M004,Raw Material,Motor,67.4,5.44,7.36,17.1,1773.0,31.78,10052.8,441,B115,A,91.27,None,34.96,8.86,3.09,457,386.0,Low,None,Low
EV300494,2025-01-14 01:00:00,F04,L04,M022,Machining,Gearbox,62.01,1.88,6.58,14.25,1253.0,38.04,14031.9,29,B106,C,100.0,None,46.36,14.94,14.52,298,512.0,Low,None,Low
EV300495,2025-01-11 15:30:00,F03,L05,M003,Finishing,Pump,85.84,2.0,8.4,13.34,1597.0,50.76,7898.9,96,B146,A,85.17,None,29.86,7.02,8.39,102,35.0,Low,None,Low
EV300496,2025-01-03 04:00:00,F04,L03,M003,Finishing,Controller,86.36,4.52,4.96,23.39,1422.0,61.45,244.4,208,B144,A,98.48,None,51.05,5.07,8.07,337,408.0,Low,None,Low
EV300497,2025-02-27 00:30:00,F02,L05,M007,Finishing,Pump,62.0,2.0,5.46,11.89,1714.0,48.26,8281.5,483,B155,C,93.18,None,25.71,15.15,16.27,329,227.0,Low,None,Low
EV300498,2025-02-04 23:30:00,F05,L03,M035,Finishing,Pump,77.98,0.81,6.48,17.12,1951.0,45.75,9893.8,464,B122,C,85.71,NONE,48.22,11.82,8.25,512,403.0,Low,None,Low
EV300499,2025-02-19 12:30:00,F03,L05,M021,Inspection,VALVE,52.37,4.59,6.93,20.29,1710.0,38.71,12809.9,155,B139,C,88.95,None,62.78,9.16,14.39,343,413.0,Low,None,Medium
EV300500,2025-01-05 02:00:00,F02,L02,M015,Finishing,Pump,79.86,1.04,5.58,12.21,1617.0,34.93,5167.7,347,B107,A,91.49,Assembly,32.44,2.2,6.49,418,539.0,Low,Finishing,Low
EV300501,2025-02-28 12:30:00,F01,L08,M029,Raw Material,Motor,87.96,2.31,6.79,20.07,1872.0,33.37,3669.1,481,B152,A,89.67,Electrical,33.96,5.37,14.93,158,63.0,Low,Raw Material,Low
EV300502,2025-02-05 20:00:00,F01,L06,M002,Assembly,Pump,70.03,4.15,7.07,18.77,1720.0,35.78,13829.9,143,B147, C ,95.92,NONE,37.69,17.27,5.43,557,190.0,Low,None,Low
EV300503,2025-02-26 10:30:00,F04,L04,M017,Welding,Controller,60.96,1.56,5.67,19.36,1961.0,47.77,8837.9,450,B100,C,81.17,None,59.44,8.0,10.39,515,162.0,Low,None,Low
EV300504,2025-02-05 08:00:00,F05,L04,M002,Welding,Gearbox,74.77,1.92,6.08,19.56,1333.0,32.83,14014.4,283,B168,C,95.13,None,39.83,10.4,7.01,399,65.0,Low,None,Medium
EV300505,2025-02-10 16:30:00,F04,L08,M019,Machining,Controller,76.58,3.26,3.95,10.44,1836.0,43.87,12717.7,383,B147,B,88.17,None,47.51,11.27,9.72,514,213.0,Medium,None,Low
EV300506,,F03,L03,M027,Assembly,pump,63.67,3.19,6.85,17.54,1915.0,34.02,11077.2,396, B176 ,C,84.44,None,44.23,9.35,16.32,460,534.0,Low,None,Low
EV300507,2025-02-17 06:00:00,F02,L08,M013,Welding,Motor,67.8,2.91,7.43,21.09,1903.0,43.37,2356.5,219,B148,A,90.94, None ,44.21,4.25,10.86,458,296.0,Low,None,Medium
EV300508,2025-03-16 15:30:00,F02,L02,M005,Inspection,Motor,64.78,1.08,,14.57,1595.0,45.47,8857.2,426,B161,C,83.74,NONE,26.82,24.8,22.18,397,551.0,Low,None,Low
EV300509,2025-03-01 07:30:00,F04,L07,M025,Welding,Gearbox,82.3,2.57,6.35,27.73,1940.0,47.56,2799.2,290,B141,C,80.54,None,56.7,19.59,5.77,339,532.0,Low,None,Low
EV300510,2025-01-06 10:00:00,F05,L01,M040,welding,Valve,54.1,5.53,6.23,16.84,1383.0,43.42,12833.3,208,B178,C,98.03,Electrical,38.74,2.42,1.6,361,517.0,Low, Welding ,Low
EV300511,2025-02-09 08:30:00,F03,L03,M040,Raw Material,Valve,110.9,5.63,8.69,18.57,1705.0,51.32,11588.9,478,B154,C,97.72,None,52.2,6.44,11.74,270,301.0,Medium,None,Low
EV300512,2025-03-05 05:00:00,F05,L06,M039,Finishing,Pump,71.61,3.17,7.21,19.87,1616.0,40.35,12669.2,340,B140,C,94.74,None,36.07,14.2,2.87,317,119.0,Low,None,Low
EV300513,2025-01-28 15:00:00,F02,L02,M010,inspection,Controller,64.43,0.31,5.8,17.54,1720.0,44.6,7105.9,54,B118,A,91.93,Dimensional,44.78,6.39,32.25,393,321.0,Low,Inspection,Low
EV300514,2025-01-14 10:30:00,F02,L05,M008,Welding,Motor,46.48,2.03,6.69,20.82,1355.0,38.09,6527.8,349,B120,C,85.06,Electrical,54.18,9.32,9.22,565,487.0,Low,Welding,Low
EV300515,2025-01-26 17:00:00,F05,L02,M017,Inspection,Motor,74.91,2.82,7.66,23.5,1829.0,41.36,9532.6,488,B136,B,95.19,Surface,54.72,9.19,22.62,115,44.0,Low,Inspection,Medium
EV300516,2025-01-13 14:00:00,F05,L07,M031,Raw Material,Valve,67.76,3.8,4.36,23.73,1710.0,37.04,12093.3,104,B146,A,82.79,None,47.34,18.66,6.52,308,465.0,Low,None,Low
EV300517,2025-02-17 06:30:00,F04,L03,M027,Inspection,Valve,92.52,3.99,7.59,22.82,1545.0,44.28,14566.3,383,B150,b,83.91,None,29.09,4.16,6.21,508,490.0,Medium,None,Low
EV300518,2025-02-07 11:30:00,F01,L06,M013,Inspection,Gearbox,80.48,2.96,8.25,16.03,1723.0,47.49,14040.0,219,B142,C,93.48,None,38.86,44.69,1.45,440,44.0,LOW,None,Medium
EV300519,2025-03-01 20:30:00,F05,L02,M010,Raw Material,Pump,69.38,0.57,7.36,12.12,1990.0,41.38,12206.9,439,B106,A,91.29,None,39.35,8.23,5.94,154,449.0,Medium,None,Low
EV300520,2025-02-27 21:00:00,F04,L03,M030,Finishing,Pump,88.72,2.02,,19.9,1942.0,44.24,4468.8,355,B150,C,100.0,None,44.04,8.67,12.57,223,414.0,Low,None,Low
EV300521,2025-01-08 10:30:00,F03,L05,M040,Raw Material,Valve,71.0,1.9,7.06,13.88,1991.0,50.28,13638.0,306,B158,C,86.7,Surface,30.68,8.2,13.82,498,422.0,Low,Raw Material,Low
EV300522,2025-01-13 06:00:00,F04,L03,M017,Raw Material,Motor,68.98,3.59,5.13,13.57,1319.0,43.61,3090.7,345,B122,,87.86,None,48.83,11.41,8.41,115,538.0,Low,none,Low
EV300523,2025-03-09 06:00:00,F04,L04,M004,Welding,Gearbox,78.05,3.71,8.0,10.45,2191.0,46.94,8077.6,276,B172,C,94.27,None,36.12,18.66,17.82,157,174.0,Low,None,Low
EV300524,2025-02-06 10:00:00,F04,L01,M008,Raw Material,Pump,76.62,2.37,7.77,13.74,1388.0,37.34,8301.0,314,B138,B,100.0,None,26.13,26.63,1.78,431,469.0,Low,None,Low
EV300525,2025-03-05 10:30:00,F02,L03,M029,Welding,Motor,55.72,3.17,,21.08,1582.0,29.09,3163.3,176,B175,C,91.05,None,56.01,6.51,11.56,140,189.0,Low,None,Low
EV300526,2025-01-11 18:30:00,F05,L08,M014,Raw Material,Valve,64.9,6.2,5.9,19.12,1576.0,46.33,8598.5,440,B107,b,84.56,Electrical,30.07,10.03,15.39,184,550.0,Low,Raw Material,Low
EV300527,2025-02-01 20:00:00,F05,L02,M009,Inspection,Valve,89.16,0.98,6.52,13.86,1482.0,55.87,2502.4,267,B159,A,88.75,None,45.84,10.94,12.48,181,73.0,LOW,None,Low
EV300528,2025-02-06 12:30:00,F05,L04,M014,Assembly,Valve,79.91,5.93,8.46,14.71,1725.0,32.43,2444.5,204,B179,A,88.17,None,41.01,31.48,10.96,159,336.0,Low,None,Low
EV300529,2025-01-06 12:00:00,F03,L06,M010,Machining,Gearbox,49.29,3.42,9.09,21.79,1662.0,52.86,1356.8,93,B110,A,89.13,None,42.78,7.72,16.24,145,473.0,Low,None,Low
EV300530,2025-01-13 23:30:00,F02,L07,M024,Welding,Pump,69.97,0.4,6.58,22.26,2244.0,30.76,13484.5,92,B139,A,98.31,None,47.55,13.5,28.8,517,371.0,Low,None,Low
EV300531,2025-02-20 15:30:00,F01,L01,M007,Machining,Pump,79.31,2.98,8.99,15.25,1777.0,42.31,2810.6,8,B154,A,85.22,None,40.16,13.81,19.22,438,,LOW,None,Low
EV300532,2025-02-13 05:30:00,F05,L04,M028,Inspection,Controller,71.2,0.91,8.32,18.9,2074.0,43.49,2530.2,171,B116,C,94.22,None,55.09,7.57,10.14,409,556.0,Low,None,Low
EV300533,2025-02-20 00:30:00,F01,L01,M023,Assembly,Pump,72.29,2.99,37.44,15.72,1795.0,49.99,12426.0,190,B158,B,91.73,None,37.55,33.86,4.97,341,515.0,Low,None,Low
EV300534,2025-01-14 22:30:00,F01,L05,M037,Welding,Controller,81.04,2.47,9.08,19.48,1916.0,35.6,8451.0,283,B143,C,77.22,None,58.49,32.65,14.84,598,479.0,Low,None,
EV300535,2025-02-01 05:30:00,F04,L03,M028,Finishing,Gearbox,46.39,3.11,,4.41,1702.0,31.27,11875.9,114,B167,C,100.0,None,43.66,7.52,1.36,415,566.0,Low,None,Low
EV300536,2025-02-01 17:30:00,F04,L01,M039,Welding,Pump,52.75,1.08,8.8,16.03,1416.0,37.14,11685.9,406,B104,B,92.66,None,53.21,43.96,26.13,154,318.0,Low,None,Low
EV300537,2025-01-15 01:30:00,F01,L07,M035,Assembly,Gearbox,97.17,3.24,7.57,15.67,1444.0,53.32,11095.6,249,B170,C,99.49,None,41.61,19.24,11.16,574,358.0,Low,None,Low
EV300538,2025-01-15 08:30:00,F05,L04,M008,Inspection,Gearbox,105.98,0.31,7.4,17.07,1868.0,35.32,14356.1,422,B100,C,97.4,Dimensional,48.5,34.35,12.39,184,53.0,High,Inspection,High
EV300539,2025-02-06 23:00:00,F01,L04,M028,,Pump,82.06,1.26,7.18,20.59,1537.0,47.55,14248.8,331,B128,A,95.74,None,37.79,11.62,1.19,590,275.0,Low,None,Medium
EV300540,,F05,L05,M039,Welding,Motor,58.37,4.35,7.76,15.32,1933.0,40.63,3716.0,281,B154,B,99.24,None,31.86,7.44,17.18,126,473.0,Low,None,Low
EV300541,2025-01-22 10:00:00,F05,L01,M029,Machining,Pump,45.63,3.64,6.78,15.77,1333.0,39.21,14905.7,212,B148,A,92.14,Dimensional,47.3,38.09,3.4,367,60.0,low,Machining,Medium
EV300542,2025-02-04 03:30:00,F04,L07,M003,Raw Material,Pump,72.65,4.31,6.48,17.05,1883.0,36.86,1354.6,183, B106 ,C,96.91,None,68.18,16.99,16.01,349,538.0,Low,None,Low
EV300543,2025-02-06 01:30:00,F05,L01,M003,Assembly,Gearbox,70.68,3.5,5.49,27.73,2033.0,34.84,9571.5,371,B179,B,94.05,None,39.03,20.5,10.23,576,153.0,Low,None,High
EV300544,2025-02-23 15:00:00,F01,L01,M010,Finishing,Motor,82.22,1.83,7.92,13.1,1343.0,46.91,9821.3,375,B150,C,84.33,Surface,43.59,8.95,6.37,356,202.0,Low,Finishing,Low
EV300545,2025-01-23 11:30:00,F04,L07,M004,Finishing,Motor,95.29,3.44,7.27,24.85,1487.0,46.72,283.1,451,B115,B,92.29,,53.64,1.62,10.07,446,271.0,Medium,None,Low
EV300546,2025-02-08 09:30:00,F01,L03,M022,Finishing,Pump,72.08,5.37,4.46,13.31,,35.11,3006.7,179,B178,A,96.33,None,58.32,50.36,3.92,512,399.0,Low,None,Low
EV300547,2025-01-13 11:00:00,F04,L08,M002,Machining,Controller,58.65,1.99,4.08,25.26,1269.0,33.23,12004.6,462,B151,A,80.56,None,36.81,17.16,18.71,332,475.0,Medium,None,Low
EV300548,2025-01-16 21:30:00,F05,L01,M014, Assembly ,CONTROLLER,36.17,4.7,5.68,15.96,2072.0,25.8,3952.8,318,B122,B,93.57,None,40.38,10.47,10.02,378,143.0,Low,None,Low
EV300549,2025-02-23 08:30:00,F02,L01,M006,Finishing,Gearbox,62.9,4.15,6.03,23.28,2343.0,35.87,14179.4,465,B170,C,97.16,None,18.85,0.51,29.44,237,157.0,medium,None,Low
EV300550,2025-03-11 09:30:00,F02, L01 ,M007,,Pump,64.42,6.77,6.59,21.59,1483.0,49.33,12524.1,283,B120,,100.0,None,31.78,2.21,17.49,99,567.0,low,None,low
EV300551,2025-01-01 16:00:00,F02,L07,M022,Finishing,Controller,78.58,4.21,6.71,16.72,2072.0,50.8,876.6,87,B117,B,92.72,None,39.12,8.62,1.92,129,440.0,Low,None,Low
EV300552,2025-01-24 10:00:00,F04,L01,M001,Finishing,Valve,55.24,0.9,6.64,18.31,1513.0,39.15,3432.0,180,B127,B,84.99,none,45.56,20.7,9.71,207,555.0,Low,None,MEDIUM
EV300553,2025-02-02 02:00:00,F05,L07,M013,Inspection,GEARBOX,73.57,2.66,6.81,17.01,1449.0,46.35,10158.8,7,B101,A,84.06,None,30.48,13.56,17.21,273,309.0,Low,None,Low
EV300554,2025-01-18 01:30:00,F01,L01,M034,Assembly,PUMP,47.6,4.72,8.37,18.19,2064.0,37.95,4482.4,9,B125,A,82.19,Material,51.69,11.16,7.77,557,431.0,Low,Assembly,Low
EV300555,2025-01-28 00:30:00,F02,L05,M013,Finishing,Gearbox,51.22,3.46,7.43,11.7,1790.0,27.28,4950.2,190,B125,C,90.06,None,46.27,19.45,10.46,409,503.0,Low,none,Low
EV300556,2025-02-17 02:30:00,F03,L06,M035,Finishing,Valve,87.8,1.14,7.24,12.74,1810.0,54.08,1165.6,292,B142,C,88.3,None,47.87,8.58,16.72,374,82.0,Low,None,Low
EV300557,2025-01-03 05:00:00,F02, L05 ,M027,Finishing,Valve,72.67,2.8,5.81,17.72,1635.0,53.46,7503.1,7,B163,B,86.88,None,49.84,7.02,10.38,358,104.0,Low, None ,Low
EV300558,2025-01-25 08:30:00,F04,L03,M039,Finishing,Pump,62.26,1.38,7.65,20.9,1515.0,45.35,1816.8,143,B117,C,91.68,None,43.8,14.57,7.5,278,582.0,low,None,Low
EV300559,2025-01-13 01:30:00,F01,L04,M020,Welding,Controller,85.72,2.51,6.85,25.35,1799.0,32.69,5802.6,264,B147,A,100.0,None,47.04,24.97,2.63,487,195.0,Low,None,High
EV300560,2025-02-09 17:00:00,F05,L07,M002,Inspection,Valve,58.95,1.72,8.2,20.19,1660.0,42.62,14645.4,441,B106,B,90.02,Surface,39.91,9.23,30.87,432,367.0,Medium,Inspection,Low
EV300561,2025-02-12 10:30:00,F04,L08,M019,Assembly,Pump,58.89,1.6,8.28,13.56,1949.0,44.04,227.9,447,B161,C,90.55,None,37.35,9.53,47.82,415,485.0,Low,None,Low
EV300562,2025-01-07 13:00:00,F04,L04,M016,Inspection,Valve,79.76,2.0,7.58,13.65,1684.0,36.22,8380.6,276,B118,C,82.87,None,68.48,6.75,13.9,454,320.0,Low,None,Low
EV300563,2025-01-29 09:00:00,F03,L05,M016,Machining,Controller,55.78,1.62,6.48,17.95,1614.0,38.14,4351.1,203,B100,C,94.95,None,48.53,5.1,4.32,568,504.0,Low,None,Low
EV300564,2025-01-17 23:30:00,F05,L05,M022,Machining,GEARBOX,70.57,6.7,6.8,26.58,1677.0,45.48,6798.3,245,B107,A,84.81,Surface,61.59,11.93,6.31,229,465.0,Low,Machining,Medium
EV300565,2025-01-09 12:30:00,F04,L01,M033,Assembly,Pump,76.69,0.57,6.84,17.8,1484.0,39.34,1495.3,49,B106,C,88.44,None,35.04,4.44,1.54,174,426.0,Low,None,Low
EV300566,2025-02-08 05:00:00,F01,L02,M008,Raw Material,Valve,63.67,3.66,7.78,23.78,1296.0,50.68,5043.0,401,B163,B,99.89,None,36.34,31.43,11.79,240,,Low,None,Low
EV300567,2025-02-24 14:30:00,F05,L05,M039,Inspection,Pump,77.38,3.21,7.17,18.12,2032.0,40.91,6110.0,335,B110,B,88.62,None,39.66,15.52,3.53,375,49.0,Low,None,Low
EV300568,2025-01-05 11:00:00,F02,L05,M005,Welding,Gearbox,58.05,7.34,6.52,13.84,,44.23,10592.6,392,B117,B,80.69,None,53.9,26.7,4.45,417,368.0,high,None,Low
EV300569,2025-02-24 05:00:00,F02,L01,M032,Finishing,Controller,63.44,1.85,6.48,18.26,1721.0,45.72,8358.9,397,B168,B,75.1,None,28.55,4.75,7.91,532,328.0,Low,None,Low
EV300570,2025-02-22 15:30:00,F04,L01,M008,Finishing,Valve,80.44,3.29,7.82,22.36,1709.0,48.32,8864.3,120,B137,A,84.15,None,54.12,3.94,10.39,498,390.0,Low,None,Low
EV300571,2025-01-16 15:00:00,F01,L08,M036,Finishing,Valve,82.33,2.33,10.09,24.9,1911.0,50.35,2635.7,466,B146,c,100.0,Surface,37.3,20.26,13.9,419,278.0,Low,Finishing,High
EV300572,2025-02-22 09:30:00,F03,L08,M028,Finishing,Pump,86.32,3.05,5.56,14.96,1728.0,50.99,12159.7,299,B102,C,95.45,None,30.83,3.59,16.39,367,151.0,Low,None,Low
EV300573,,F03,L08,M034,Assembly,Gearbox,84.82,1.96,7.37,19.51,,45.1,4921.4,90,B125,B,81.95,None,45.94,2.71,30.8,358,318.0,Low,None,Low
EV300574,2025-01-03 09:30:00,F01,L06,M013,Inspection,Gearbox,71.63,5.8,7.32,11.83,1914.0,50.18,5817.3,379,B164,A,89.4,None,49.29,1.57,14.52,513,537.0,Low,None,Low
EV300575,2025-01-26 07:30:00,F03,L08,M039,Finishing,Pump,51.36,1.18,7.5,17.92,1418.0,45.98,13747.6,187,B127,C,90.11,None,44.01,9.94,18.28,498,457.0,Low,None,Low
EV300576,2025-02-15 18:30:00,F01,L02,M025,Inspection,Motor,72.4,2.49,7.36,21.72,1914.0,29.95,10730.7,97,B101,C,88.2,Assembly,26.23,10.05,10.28,157,213.0,Low,Inspection,Low
EV300577,2025-02-28 19:30:00,F05,L06,M035,Finishing,Gearbox,53.9,4.63,6.32,12.98,1897.0,34.38,10697.7,46,B110,B,90.74,None,29.24,14.07,0.83,532,135.0,Low,None,Low
EV300578,2025-02-04 13:30:00,F04,L05,M017,Inspection,Gearbox,59.55,1.93,6.69,20.46,1499.0,25.16,13651.2,111,B125,A,92.02,Material,38.08,3.64,9.28,344,499.0,Low,Inspection,Low
EV300579,2025-01-19 16:30:00,F04,L08,M003,Welding,Pump,69.83,8.51,5.44,15.16,1647.0,48.09,2253.1,369, B172 ,A,94.06,None,47.6,20.12,13.71,424,144.0,Medium,None,Medium
EV300580,2025-02-06 11:00:00,F04,L03,M002,Finishing,Gearbox,70.69,1.66,5.9,20.21,2415.0,53.51,4950.4,392,B123,A,78.94,None,50.74,16.49,10.95,578,166.0,Low,None,Low
EV300581,2025-02-03 04:30:00,F03,L03,M010,Raw Material,CONTROLLER,82.42,4.42,,20.8,1394.0,37.84,2575.8,290,B135,,97.69,Electrical,72.79,5.63,1.19,3.7,148.0,Low,Raw Material,Low
EV300582,2025-02-12 16:30:00,F05,L05,M018,Assembly,Gearbox,68.59,4.7,6.85,17.53,1540.0,35.59,10616.0,76,B137,C,95.26,None,58.73,42.65,4.97,588,561.0,Low,None,Medium
EV300583,2025-02-08 00:00:00,F01,L04,M012,Inspection,Controller,72.52,2.49,6.06,21.9,1651.0,42.13,8257.6,241,B133,B,93.61,None,40.72,1.81,3.3,405,342.0,Low,None,Low
EV300584,2025-01-12 14:30:00,F02,L03,M011,Inspection,Valve,68.13,0.65,8.05,20.22,1495.0,44.31,7180.5,161,B136,A,81.7,None,53.02,9.92,12.92,324,397.0,Low,None,Low
EV300585,2025-03-06 07:30:00,F03,L03,M023,Inspection,Controller,69.11,3.44,6.8,12.95,1600.0,39.45,9463.5,464,B143,B,92.05,None,54.04,6.34,11.23,294,560.0,Low,None,Low
EV300586,2025-02-08 11:00:00,F01,L05,M001,Inspection,Pump,51.73,1.73,5.92,17.76,2267.0,32.19,14173.9,451,B166,C,88.47,None,28.71,8.92,9.74,182,368.0,Medium,none,Low
EV300587,2025-01-28 14:30:00,F02,L01,M018,Finishing,Gearbox,62.55,3.36,7.62,19.84,1827.0,29.94,13315.5,69,B117,C,86.77,None,40.28,12.43,9.2,122,577.0,Low,None,Low
EV300588,2025-02-05 01:00:00,F02,L05,M021,Finishing,Gearbox,88.04,0.8,5.54,14.99,1683.0,43.5,7636.7,464,B159,C,89.95,NONE,42.36,19.86,13.59,125,143.0,Low,None,Low
EV300589,2025-01-13 08:30:00,f04,L01,M014,ASSEMBLY,gearbox,67.63,5.26,8.81,18.39,1638.0,37.38,11855.8,452,B112,A,81.82,None,30.06,1.17,1.46,66,477.0,Low,None,Low
EV300590,2025-03-11 01:00:00,f01,L01,M020,Welding,Controller,101.32,3.1,8.17,17.16,1752.0,42.73,2248.9,14,B103,,96.24,None,37.76,3.72,21.07,519,105.0,Medium,None,Low
EV300591,2025-01-25 08:00:00,F04,L02,M006,Inspection,Controller,68.86,2.5,7.74,13.11,1983.0,41.07,12267.1,451,B123,A,85.07,None,52.56,36.8,4.51,262,362.0,Medium,None,Low
EV300592,2025-01-05 09:30:00,F05,L07,M036,,Valve,73.37,4.89,5.83,15.24,1957.0,52.82,7015.5,404,B156,B,85.8,None,40.01,21.99,11.78,92,44.0,Low,None,Medium
EV300593,2025-02-20 17:30:00,F04,L02,M015,Inspection,Gearbox,54.99,1.45,34.35,21.97,1951.0,48.4,6004.4,120,B176,B,76.52,None,47.76,15.5,5.07,99,398.0,Low,None,Low
EV300594,2025-01-26 20:00:00,F03,L06,M034,Raw Material,Pump,62.87,3.29,7.02,18.37,1618.0,41.82,3854.1,4,B122,A,78.27,None,35.55,24.24,15.67,580,371.0,Low,None,High
EV300595,2025-01-30 17:00:00,F04,,M008,Inspection,Controller,49.52,0.8,5.41,21.84,1721.0,59.19,5449.2,359,B133,C,94.7,None,42.96,9.91,2.48,347,399.0,Low,None,Low
EV300596,2025-01-01 13:00:00,F03,L05,M010,Finishing,Pump,52.3,7.87,4.76,15.65,1615.0,36.0,11540.0,69,B160,A,94.9,None,30.17,5.92,5.18,229,75.0,Medium,None,
EV300597,2025-02-24 18:00:00,F02,L02,M011,Machining,Pump,85.44,3.28,7.77,20.54,2015.0,61.54,671.9,425,B112,A,86.39,None,47.86,36.94,11.0,512,105.0,Low,None,Medium
EV300598,2025-02-20 00:30:00,F04,L08,M014,Assembly,Valve,75.74,2.03,7.34,17.87,1779.0,44.59,1130.1,345,B158,C,85.71,Surface,42.75,8.51,7.03,274,330.0,Low,Assembly,Low
EV300599,2025-02-16 00:00:00,F04,L07,M004,Inspection,Motor,66.87,4.92,7.99,17.24,1765.0,32.96,9952.6,175,B168,B,95.47,None,41.56,14.96,12.42,518,447.0,Low,None,Low
EV300600,2025-01-29 15:30:00, F05 ,L08,M001,Welding,Pump,70.88,2.32,6.53,14.83,1763.0,31.3,6403.2,356,B138,B,100.0,,32.44,43.51,18.32,588,462.0,Low,None,Medium
EV300601,2025-01-12 17:30:00,F01,L07,M030,Inspection,Motor,56.37,2.44,6.58,19.91,1934.0,40.08,3841.4,309,B152,C,93.08,None,40.52,3.94,3.42,96,152.0,Low,None,Low
EV300602,2025-01-24 13:30:00,F04,L08,M011,Machining,Motor,83.95,1.29,6.09,21.03,1863.0,45.37,13294.6,343,B167,C,90.06,Material,48.82,17.81,8.36,215,100.0,Low,Machining,Low
EV300603,2025-01-14 23:00:00,F01,L08,M038,Welding,Controller,93.52,2.1,6.04,14.99,1499.0,27.56,8812.1,166,B173,C,89.66,None,49.69,15.51,3.06,562,324.0,Low,None,Low
EV300604,2025-02-22 01:00:00,F01,L08,M036,Machining,Pump,85.5,2.19,7.17,9.67,1848.0,48.37,6679.9,86,B133,A,79.16,None,58.69,3.08,11.49,440,301.0,Low,None,Medium
EV300605,2025-01-25 09:00:00,F03,L02,M005,Raw Material,Pump,55.67,0.9,8.96,15.07,1814.0,43.41,8153.7,125,B177,A,98.99,None,49.94,14.04,17.31,451,389.0,Low,None, Low 
EV300606,2025-01-06 08:00:00,F03,L04,M018,Raw Material,Motor,50.75,0.69,8.23,13.21,1784.0,42.67,1155.1,40,B113,A,83.68,None,48.92,9.93,12.1,514,340.0,Low,None,Low
EV300607,,F01,L04,M003,Assembly,Valve,75.09,4.51,9.26,22.48,1868.0,48.34,9318.7,249,B147,A,86.69,None,64.57,1.72,13.74,326,474.0,Low,None,Medium
EV300608,2025-02-03 03:30:00,F03,L04,M022,Machining,Valve,71.06,2.22,4.94,23.48,1907.0,50.61,12073.4,14,B151,B,93.49,None,50.89,8.58,24.01,387,120.0,Low,None,Low
EV300609,2025-03-02 13:30:00,F02,L06,M007,RAW MATERIAL,Pump,88.45,2.95,6.47,18.2,1835.0,54.19,11649.1,173,B117,A,92.47,Surface,31.27,22.73,4.89,566,428.0,Low,Raw Material,Low
EV300610,2025-02-08 07:30:00,F02,L04,M040,Inspection,Motor,85.05,5.87,6.95,23.25,1796.0,40.58,824.3,60,B141,C,84.51,None,37.81,5.0,2.72,103,385.0,Low,None,Low
EV300611,2025-02-20 05:30:00,F03,L05,M018,Machining,Valve,63.83,1.85,7.51,22.92,1855.0,33.87,8273.4,153,B166,B,91.64,None,58.85,5.47,0.76,436,588.0,Low,None,low
EV300612,2025-02-06 02:30:00,F04,L05,M022,Raw Material,Gearbox,52.24,1.74,6.47,22.66,1671.0,50.14,7614.6,81,B143,B,82.31,None,48.14,17.48,24.83,411,329.0,Low,None,Low
EV300613,, F01 ,L06,M010,Finishing,Pump,92.01,4.76,7.1,20.79,1804.0,35.83,6381.3,267,B158,C,82.32,None,44.24,8.37,7.89,293,186.0,Low,None,Low
EV300614,2025-02-21 17:00:00,F04,L07,M007,Inspection,Gearbox,73.95,1.54,7.82,14.62,2179.0,44.78,3660.5,101,B141,A,93.94,Electrical,27.78,16.58,8.22,376,121.0,Low,Inspection,Low
EV300615,2025-01-12 03:00:00,F02,L01,M033,Raw Material,Valve,57.42,3.38,7.95,17.23,,44.95,2273.2,269,B104,A,79.57,None,46.1,10.54,10.16,149,431.0,Low,None,Low
EV300616,2025-01-18 17:30:00,F02,L04,M038,Finishing,Pump,61.74,0.27,5.72,16.66,1809.0,28.13,4325.2,217,B105,C,95.09,None,22.13,21.9,22.26,175,87.0,Low,None,Medium
EV300617,2025-02-06 01:00:00,F04,L08,M014,Assembly,Gearbox,81.16,0.43,8.47,15.39,1817.0,43.56,13278.6,14,B167,C,90.28,Assembly,46.07,14.88,10.04,229,47.0,Low,Assembly,Low
EV300618,2025-01-22 22:00:00,F04,L06,M010,Inspection,Valve,74.04,3.36,8.85,15.47,1685.0,63.59,12342.8,391, B102 ,B,96.1,None,32.07,17.15,20.64,141,254.0,Medium,None,Low
EV300619,2025-02-20 04:30:00,F04,L08,M026,Welding,Controller,60.19,5.17,5.01,24.43,1533.0,34.47,10193.8,375,B109,B,86.55,None,45.92,19.09,8.41,397,,Low,None,Low
EV300620,2025-02-10 00:30:00,F01,L03,M032,Inspection,Pump,60.65,6.12,8.54,14.54,1418.0,42.53,14900.7,238,B137,A,79.55,None,47.9,10.88,9.27,443,579.0,Low,None,Low
EV300621,2025-02-10 09:00:00,F02,L02,M036,Finishing,Pump,81.54,6.57,5.64,17.26,1417.0,38.88,5965.4,429,B135,C,90.92,None,46.38,17.23,6.73,493,286.0,Low,None,Medium
EV300622,2025-02-14 03:30:00,F01,L05,M028,Inspection,Controller,53.47,1.85,4.35,16.98,1625.0,46.56,14780.8,282,B158,a,86.93,None,43.12,28.86,5.06,324,485.0,Low,None,Medium
EV300623,2025-03-12 03:30:00,F05,L01,M030,Machining,Pump,50.77,4.75,4.0,19.32,1946.0,36.07,1400.3,49,B154,B,85.21,None,50.69,7.53,5.22,503,157.0,Low,None,Low
EV300624,2025-02-17 14:00:00,F03,L07,M008,Finishing,Pump,55.0,1.07,7.28,15.82,1645.0,53.59,9996.2,14,B129,C,90.23,None,23.79,5.79,1.59,173,314.0,Low, None ,Low
EV300625,2025-01-20 16:30:00,F02,L02,M003,Inspection,Controller,69.75,4.23,7.97,15.22,2030.0,33.78,257.3,153,B122,B,84.5,None,34.29,11.39,9.78,458,526.0,Low,None,Low
EV300626,2025-03-01 21:00:00,F05,L04,M013,Welding,Controller,73.69,1.89,4.24,19.31,1677.0,32.15,6193.3,495,B123,A,98.32,None,37.2,4.2,8.27,166,369.0,Low,None,Low
EV300627,2025-02-23 10:30:00,F03,L08,M018,Welding,Pump,52.56,4.18,8.18,21.23,1408.0,45.2,3743.5,327,B139,C,90.45,None,34.19,11.9,4.36,98,114.0,Low,None,Low
EV300628,2025-02-21 06:00:00,F04,L01,M014,Raw Material,Gearbox,66.45,1.24,5.0,15.08,1775.0,51.99,9712.3,368,B143,A,85.97,Dimensional,58.72,10.73,15.09,185,478.0,Low,Raw Material,Low
EV300629,2025-03-11 01:30:00,F05,L03,M015,Machining,Controller,60.58,3.8,5.51,21.46,1745.0,41.09,2809.0,145,B172,C,74.7,Material,31.05,41.62,2.72,378.0,348.0,Low,Machining,Medium
EV300630,2025-02-15 04:00:00,F05,L03,M033,Machining,Valve,67.66,3.06,5.66,24.63,1943.0,49.97,12955.3,172,B165,A,91.43,Dimensional,48.94,2.49,13.03,349,537.0,Low,Machining,Low
EV300631,2025-02-05 21:00:00,F03,L07,M007,Raw Material,Controller,83.77,3.37,6.78,14.24,1692.0,52.21,2685.8,196,B113,C,87.93,None,48.99,21.62,1.7,528,379.0,Low,None,Medium
EV300632,2025-01-24 04:00:00,F04,L04,M015, Welding ,Pump,81.69,2.11,5.56,20.81,1848.0,58.57,9123.8,478,B131,B,87.59,None,49.76,4.71,11.92,188,427.0,Low,None,Low
EV300633,2025-03-11 02:30:00,F05,L05,M038,Welding,Pump,82.98,1.54,7.4,15.78,1585.0,38.37,7184.3,334,B176,B,86.13,None,42.61,8.55,2.01,454,100.0,Low,None,Medium
EV300634,2025-01-21 05:00:00,F01,L04,M035,Finishing,Pump,49.79,3.19,7.6,11.65,,47.86,4238.7,294,B176,C,91.38,None,54.85,13.31,8.14,558,538.0,Low,None,Low
EV300635,2025-01-18 08:30:00,F03,L03,M010,Finishing,Pump,77.29,1.72,6.51,22.66,1738.0,31.48,5366.0,102,B155,A,88.12,None,47.13,13.92,5.69,175,443.0,Low,None,Low
EV300636,2025-01-06 01:00:00,F05,L06,M011,Machining,Valve,84.57,1.87,6.41,19.22,1646.0,47.71,14064.4,284,B134,B,100.0,None,38.1,2.3,2.1,300,304.0,Low,None,Low
EV300637,2025-01-27 16:00:00,F03,L04,M022,Finishing,Motor,61.61,1.96,7.24,15.08,1780.0,41.27,14498.3,253,B145,B,91.38,None,28.87,17.81,9.67,111,167.0,Low,None,Low
EV300638,2025-01-10 00:00:00,F02,L08,M016,Inspection,Valve,65.12,8.73,8.1,15.45,1984.0,36.61,14302.3,22,B127,C,100.0,None,46.69,17.71,4.81,360,355.0,Medium,None,Low
EV300639,2025-01-12 12:30:00,F02,,M022,Welding,Valve,63.78,3.12,7.38,22.8,1879.0,36.07,2328.7,264,B128,C,90.91,None,72.3,6.05,3.29,507,,Low,None,Low
EV300640,2025-02-23 14:30:00,F05,L07,M010,Welding,Pump,70.64,2.12,7.22,17.83,1985.0,38.31,668.5,197,B103,B,86.49,None,39.62,17.95,27.85,185,113.0,Low,None,Low
EV300641,2025-03-03 17:00:00,F01,L05,M027,,Gearbox,75.33,4.05,6.14,18.37,2018.0,30.16,6139.5,69,B150,C,100.0,Surface,44.45,15.29,2.98,86,153.0,Low,Welding,Low
EV300642,2025-03-02 23:30:00,F01,L02,M002,Inspection,Valve,65.84,0.11,8.33,13.85,1819.0,37.38,10578.8,8,B150,C,86.68,None,44.44,32.04,1.07,101,573.0,Low,None,Medium
EV300643,2025-02-18 15:30:00,F04,L02,M009,Inspection,Motor,81.4,4.26,8.41,12.44,1858.0,40.42,11843.6,192,B116,C,88.26,None,41.96,3.02,8.38,285,353.0,Low,None,Low
EV300644,2025-01-25 08:00:00,F05,L06,M020,Welding,Pump,86.9,4.83,8.42,20.38,1935.0,25.97,7557.8,235,B117, A ,96.66,None,28.03,23.9,7.19,144,61.0,Low,None,Medium
EV300645,2025-03-07 18:00:00,F04,L01,M004,Welding,controller,73.61,2.93,7.65,27.05,,50.47,10358.3,286,B154,B,90.19,None,38.52,13.23,5.99,559,45.0,Low,None,Low
EV300646,2025-01-03 16:30:00,F01,L07,M037,Raw Material,Motor,85.92,1.23,5.37,16.55,,32.9,4898.0,347,B127,A,97.9,None,38.18,16.9,8.88,291.0,239.0,Low,None,Low
EV300647,2025-02-11 12:30:00,F04,L08,M005,Machining,Motor,57.78,2.27,6.05,23.89,1465.0,41.83,7086.6,37,B162,B,88.29,none,59.05,11.56,17.99,163,527.0,Low,None,Low
EV300648,2025-02-12 13:30:00, F04 ,L01,M024,Finishing,Valve,60.82,1.21,3.93,22.21,1775.0,41.87,13007.9,84,B130,A,92.3,None,31.75,31.89,6.35,251,293.0,Low,None,Medium
EV300649,2025-03-05 13:30:00,F05,,M018,Raw Material,Pump,69.33,6.24,8.36,17.88,1525.0,32.67,1804.4,381,B162,B,92.43,None,57.03,14.9,3.66,115,417.0,Low,None,Low
EV300650,2025-03-01 22:00:00,F03,L03,M013,Machining,Controller,74.66,1.48,6.92,13.95,1344.0,37.17,2163.8,88,B128,,90.21,None,38.71,9.69,5.14,544,431.0,Low,None,Low
EV300651,2025-03-02 01:30:00,F03,l07,M012,Welding,Pump,67.44,3.72,8.38,20.49,1834.0,37.08,11820.2,186,B131,C,98.77,Assembly,40.7,27.14,13.96,568,51.0,Low,Welding,Medium
EV300652,2025-02-22 07:00:00,F01,L03,M011,machining,Motor,58.36,4.45,8.38,11.44,1819.0,40.89,9662.8,343,B106,C,100.0,Surface,46.79,9.14,2.37,299,321.0,Low,Machining,Low
EV300653,2025-02-08 12:30:00,f03,L08,M025,Finishing,Pump,47.98,3.41,6.9,19.2,2015.0,37.15,13059.3,7,B100,C,89.51,Assembly,44.07,10.96,7.35,373,54.0,Low,Finishing,Low
EV300654,2025-02-06 15:30:00,F03,L08,M024,Inspection,Controller,80.74,2.7,6.08,17.34,2201.0,41.84,324.6,173,B162,C,86.42,Assembly,39.77,13.19,8.81,293,376.0,Low,Inspection,Low
EV300655,2025-01-10 06:30:00,F05,L02,M010,Assembly,Gearbox,81.44,4.45,5.51,12.02,1617.0,36.39,12943.3,185,B129,C,90.25,Assembly,71.53,6.92,13.53,460,341.0,Low,Assembly,Medium
EV300656,2025-02-15 07:30:00,F02,L07,M035,Welding,Pump,61.43,2.92,8.26,21.95,1977.0,39.42,1186.4,287,B111,B,99.32,None,42.0,17.49,7.0,133.0,473.0,Low,None,Low
EV300657,,F05,l04,M030,Inspection,Gearbox,68.88,1.28,6.17,16.92,2009.0,37.98,2831.9,154,B103,A,90.4,None,53.71,3.79,24.7,301,295.0,Low,None,Low
EV300658,2025-02-12 20:00:00,F04,L02,M008,Welding,GEARBOX,68.15,1.21,7.61,14.24,1681.0,35.76,9740.3,147,B134,B,80.86,None,39.94,14.79,3.06,220,348.0,Low,None,Low
EV300659,2025-01-25 02:30:00,F03,L07,M034,Finishing,Pump,85.75,1.01,8.26,12.05,1547.0,55.58,14088.5,321,B163,B,93.28,None,47.94,7.51,9.21,503,494.0,Low,None,Low
EV300660,2025-01-09 01:00:00,F01,L06,M005,Machining,Valve,65.43,5.11,5.83,16.76,2149.0,52.97,11201.8,351,B166,C,68.46,Surface,23.99,6.13,19.2,68,497.0,Low,Machining,Low
EV300661,2025-01-29 15:30:00,F04,L08,M017,Raw Material,Valve,62.79,4.31,5.72,20.6,1574.0,32.2,4079.0,314,B135,A,86.18,None,59.67,33.06,6.63,495,323.0,Low,None,Medium
EV300662,2025-01-22 07:00:00,F03,L07,M004,Welding,Pump,82.11,2.47,4.7,14.19,2187.0,32.4,10143.8,350,B149,A,89.04,Surface,34.03,0.5,8.47,244,112.0,Low,Welding,Medium
EV300663,2025-03-04 06:00:00,F05,L08,M016,Raw Material,Motor,70.13,1.12,6.74,15.37,1707.0,30.67,1966.2,237,B148,B,85.76,None,33.01,32.2,14.25,509.0,552.0,Low,NONE,Low
EV300664,2025-02-27 18:30:00,F05,L02,M035,Assembly,Pump,69.75,1.53,7.13,15.97,1756.0,43.32,6318.3,45,B170,A,88.99,None,59.91,6.68,19.24,206,189.0,Low,None,Low
EV300665,2025-02-21 10:30:00,F05,L01,M033,Raw Material,Motor,64.22,1.13,8.42,27.86,1866.0,46.03,7441.4,130,B173,C,83.8,None,41.2,8.27,15.11,291,542.0,Low,None,low
EV300666,2025-01-18 19:30:00,F02,L02,M025,Welding,Valve,48.02,3.96,6.71,14.91,2206.0,47.43,6611.1,444,B159,C,87.04,Surface,50.55,5.12,7.19,263,89.0,Low,Welding,LOW
EV300667,2025-01-29 13:30:00,F01,L06,M029,Inspection,Motor,104.08,1.24,6.1,13.25,1266.0,40.66,7855.8,32,B141,B,93.74,None,54.06,3.85,0.58,281,70.0,Low,None,Low
EV300668,2025-03-14 01:30:00,F01,,M014,Machining,Gearbox,91.6,2.8,6.66,18.2,1710.0,38.5,10383.6,134,B177,A,100.0,None,40.76,6.09,5.11,289,73.0,Low,None,Low
EV300669,2025-02-09 14:00:00,F05,L05,M025,Inspection,gearbox,64.38,3.45,5.92,17.24,1496.0,39.06,12172.9,447,B166,B,82.94,None,39.04,3.76,5.27,167,595.0,Medium,None,Low
EV300670,2025-01-26 03:30:00,F05,L05,M027,,Valve,74.84,0.84,3.91,23.41,1542.0,39.88,360.7,76,B111,B,88.94,None,55.37,1.33,20.5,53,441.0,Low,None,Low
EV300671,2025-01-18 00:00:00,F03,L04,M032,Finishing, Pump ,67.56,2.36,5.65,14.08,1549.0,39.95,2510.6,371,B158,A,100.0,Dimensional,22.1,36.19,5.02,215,59.0,Low,FINISHING,Medium
EV300672,2025-01-04 10:00:00,F04,L04,M004,Welding,Gearbox,65.33,3.16,6.02,17.72,1586.0,37.57,3873.8,191,B134,C,100.0,none,36.46,34.35,6.84,427,469.0,Low,None,Low
EV300673,2025-01-01 17:30:00,F05,L05,M032,Welding,Valve,66.67,3.15,7.73,16.34,2008.0,56.12,14414.6,262,B127,C,92.16,None,48.77,16.08,20.88,471,480.0,Low,None,Low
EV300674,2025-01-30 12:30:00,F05,L06,M033,Assembly,Valve,91.13,8.64,,15.04,2041.0,58.2,3001.9,12,B102,A,93.96,None,36.96,36.33,0.92,235,476.0,Low,None,Medium
EV300675,,F03,L05,M024,Finishing,Valve,91.6,4.5,5.0,19.12,1927.0,42.91,4952.4,164,B171,A,91.18,None,51.94,6.74,6.63,437,219.0,Low,None,Low
EV300676,2025-02-17 09:30:00,F05,L01,M038,Machining,Pump,65.41,4.3,7.25,13.86,1822.0,59.02,2281.9,403,B155,C,86.78,None,37.27,2.23,6.67,527,481.0,Low,None,Low
EV300677,2025-02-05 14:30:00,F03,L02,M008,Assembly,Pump,80.84,1.06,5.84,20.8,1877.0,46.67,1091.5,183,B126,a,84.56,None,59.47,6.79,1.45,548,84.0,Low,None,Low
EV300678,2025-01-03 10:30:00,F02,L05,M005,Raw Material,Valve,77.93,1.89,7.5,17.7,1763.0,51.4,8369.5,429,B158,A,94.1,None,60.85,3.54,10.58,578,321.0,Low,None,High
EV300679,2025-02-20 01:30:00,F01, L02 ,M005,Machining,Controller,88.49,4.83,,17.79,1661.0,31.28,6000.7,413,B119,A,73.23,Dimensional,44.38,4.85,2.09,460,236.0,Low,MACHINING,MEDIUM
EV300680,2025-02-19 11:00:00,F04,L06,M031,Machining,Valve,65.29,0.95,7.52,16.44,1282.0,38.8,13919.6,134,B119,C,94.44,None,53.51,3.58,14.39,136,482.0,Low,None, Low 
EV300681,2025-01-20 08:00:00,F02,L07,M039,Raw Material,Gearbox,61.06,6.12,5.67,25.75,1248.0,50.93,3939.2,380,B151,A,94.02,None,50.62,16.2,19.91,357,347.0,Low,None,Low
EV300682,2025-01-04 14:00:00,F03,L03,M019,Inspection,Valve,92.91,3.03,7.07,21.76,1695.0,37.29,1810.0,157,B148,,83.12,None,37.65,44.79,2.41,394,282.0,Low,None,Medium
EV300683,2025-03-16 00:00:00,F05,L03,M027,Assembly,Motor,78.86,5.34,8.71,19.95,2152.0,40.14,7069.1,83,B135,C,87.57,None,37.35,12.31,6.81,533,391.0,Low,NONE,Low
EV300684,2025-01-24 18:30:00,F05,L03,M020,Raw Material,Motor,80.38,5.18,6.12,25.98,1947.0,36.68,1784.2,299,B103,B,94.02,Assembly,44.74,7.43,13.0,573,50.0,Low,Raw Material,Low
EV300685,2025-03-04 21:30:00,F04,L08,M028,Welding,Pump,57.44,1.19,7.49,20.17,1438.0,30.64,5111.6,171,B128,C,87.73,Electrical,40.91,30.12,4.88,287,528.0,Low,Welding,Medium
EV300686,2025-02-06 12:30:00,F04,L01,M011,Inspection,Controller,85.22,2.78,,23.63,1679.0,36.16,13671.9,122,B126,B,87.89,None,54.86,12.34,1.5,238,449.0,Low,None,Low
EV300687,2025-02-27 22:00:00,F05,L06,M034,Inspection,Gearbox,51.27,3.36,8.73,23.03,1622.0,43.45,14194.0,232,B121,A,99.08,None,46.6,13.87,6.31,518,272.0,Low,None,Low
EV300688,2025-01-25 00:30:00,F04,L06,M023,Finishing,Motor,78.19,3.42,7.94,17.1,1507.0,48.93,11841.3,94,B178,C,90.87,None,41.93,9.27,2.53,219,49.0,Low,None,Low
EV300689,2025-02-16 03:00:00,F03,L07,M030,Machining,Pump,68.44,1.49,5.9,26.05,1636.0,27.87,14170.9,109,B128,A,95.03,None,32.74,15.8,10.42,143,190.0,Low,None,Low
EV300690,2025-01-12 02:00:00,F05,L03,M007, Inspection ,Controller,59.43,2.83,,9.54,1818.0,40.65,3673.7,253,B112,C,100.0,None,34.83,19.97,6.52,483,415.0,Low,None,Low
EV300691,2025-01-11 02:00:00,F03,l08,M032,Raw Material,Motor,41.77,3.28,8.18,23.07,1673.0,44.9,6879.7,59,B108, C ,95.87,None,38.84,0.95,12.19,589,53.0,Low,None,Low
EV300692,2025-01-09 19:00:00,F04,,M036, Assembly ,Motor,70.99,0.89,6.25,11.77,1914.0,30.89,471.0,293,B112,A,97.82,None,45.49,33.47,7.26,295,462.0,Low,None,Low
EV300693,2025-01-04 09:30:00,F01,L04,M007,Finishing,Valve,51.4,1.05,6.81,22.06,1621.0,42.25,10143.8,145,B109,,89.58,None,46.73,12.36,15.61,262,526.0,Low,None,Low
EV300694,2025-03-15 00:30:00,F04,L03,M034,Finishing,Valve,82.54,1.07,6.05,26.68,1677.0,28.73,13771.0,379,B171,B,87.19,None,57.48,2.94,12.15,167,151.0,Medium,None,Low
EV300695,2025-01-05 14:30:00,F03,L04,M007,Raw Material,Pump,64.65,2.17,6.57,16.0,1810.0,40.28,7657.6,221,B164,B,100.0,None,51.78,24.92,11.96,570,517.0,Low,None,Medium
EV300696,2025-02-02 18:00:00,F05,L08,M013,Machining,Pump,79.52,1.29,5.86,13.0,1604.0,41.6,12418.0,127,B163,C,100.0,None,48.38,15.44,14.57,291,560.0,Low,None,Low
EV300697,2025-01-04 18:30:00,F04,L04,M013,Finishing,Motor,53.09,1.49,7.93,15.46,1510.0,41.8,263.9,218,B114,A,87.39,Dimensional,58.61,5.68,7.74,376,59.0,Low,Finishing,
EV300698,2025-02-28 05:30:00,F03,,M017,Raw Material,Gearbox,68.34,2.15,7.8,19.12,1801.0,52.2,13520.6,35,B147,C,86.89,Dimensional,50.27,32.37,3.21,543,251.0,Low,Raw Material,Medium
EV300699,2025-01-10 20:30:00,F04,L01,M034,Machining,Motor,71.14,2.78,,15.46,1860.0,52.82,5383.7,67,B161,B,88.27,None,47.98,12.63,13.08,389,429.0,Low,None,Low
EV300700,2025-02-07 11:00:00,F01,L04,M034,Machining,Pump,83.73,6.23,8.51,20.58,2193.0,45.45,3144.2,374,B107,A,78.11,None,42.46,7.83,3.02,478,256.0,Low,None,Medium
EV300701,2025-01-28 04:30:00,F02,L04,M028,Finishing,Valve,76.87,0.81,7.7,14.27,2095.0,39.3,11971.6,261,B173,A,96.73,None,64.55,11.43,12.27,576,325.0,Low,None,High
EV300702,2025-02-28 12:00:00,F04,L03,M040,Finishing,Gearbox,66.37,6.12,7.65,20.28,1610.0,42.73,5898.6,494,B170,A,93.4,None,42.67,7.6,25.7,443,232.0,Low,None,Low
EV300703,2025-02-09 21:00:00,F01,L03,M027,Inspection,Valve,63.36,1.19,7.16,13.36,1533.0,41.45,4317.5,415,B135,A,95.98,Dimensional,58.65,24.92,3.01,85,242.0,Low,Inspection,Low
EV300704,2025-02-11 06:30:00,F04,L08,M010,Machining,Valve,53.41,2.21,7.8,17.38,1906.0,39.98,10365.9,63,B170,A,97.69,None,45.48,7.97,10.67,170,285.0,Low,None,Low
EV300705,2025-03-07 09:00:00,F01,L07,M019,Inspection,Pump,84.01,1.6,4.65,21.29,1650.0,44.7,3640.0,298,B175,C,96.42,None,40.2,2.78,15.18,302,527.0,Low,None,Low
EV300706,2025-02-09 13:00:00,F05,L02,M035,Inspection,Pump,74.48,3.09,7.52,23.85,1980.0,24.81,739.9,398,B131,A,89.77,None,39.42,10.91,3.73,284,65.0, Low ,None,medium
EV300707,2025-02-24 09:00:00,F01,L07,M006,Welding,Gearbox,66.32,0.75,7.17,14.93,1927.0,58.03,9057.8,158,B154,A,89.34,None,46.62,9.75,8.95,393,153.0,Low,None,Low
EV300708,2025-02-27 16:30:00,F02,L08,M032,Machining,Controller,51.84,1.65,7.06,8.29,1871.0,34.83,3221.5,168,B149,A,100.0,None,36.32,11.54,3.06,96,434.0,Low,None,Low
EV300709,2025-02-18 20:30:00,F01,L07,M002,Inspection,controller,80.85,1.06,7.24,16.72,1846.0,50.57,9990.6,267,B162,C,87.66,None,48.08,22.56,3.52,405,521.0,Low,None,Medium
EV300710,2025-03-09 02:30:00,F04,L02,M017,Assembly,Controller,52.64,6.02,8.19,11.91,1614.0,52.07,10570.7,220,B108,A,95.4,None,48.37,14.4,22.02,259,188.0,Low,None,Low
EV300711,2025-01-03 14:30:00,F04,L01,M030,Welding,Valve,61.12,2.31,5.93,16.78,1811.0,45.04,11107.1,35,B141,A,90.51,None,47.42,21.29,16.58,170,106.0,Low,None,Medium
EV300712,2025-01-16 12:00:00,F01,L04,M030,Assembly,Gearbox,86.73,1.24,6.62,16.35,1454.0,42.18,8113.6,447,B140, C ,93.51,None,45.17,14.79,3.43,230,103.0,Low,None,Low
EV300713,2025-02-06 19:30:00,F05,L02,M013,machining,Gearbox,74.41,1.96,7.86,18.17,1709.0,27.85,8486.6,433,B116,A,93.63,None,50.07,4.64,23.85,359,64.0,Low,None,Low
EV300714,2025-01-14 21:30:00,F04,L05,M028,Finishing,Motor,42.47,6.57,6.62,20.62,1447.0,48.27,4826.4,447,B135,B,93.43,None,28.47,19.71,16.01,200,451.0,Low,None,Low
EV300715,2025-01-28 20:30:00,F02,L06,M027,Finishing,Gearbox,76.19,6.95,5.62,20.85,1810.0,45.91,3319.2,61,B177,B,95.01,None,37.28,4.23,9.2,506,,Low,None,Low
EV300716,2025-01-09 08:00:00,F01,L01,M035,Inspection,Pump,78.02,3.61,8.37,24.56,1695.0,46.8,10905.2,455,B120,C,85.2,None,40.22,5.88,7.47,343,52.0,Low,None,Low
EV300717,2025-02-04 02:30:00,F05,L08,M005,Finishing,Motor,62.23,2.9,7.4,11.6,1520.0,50.41,10704.0,4,B158,B,96.45,None,55.85,14.37,7.59,268,547.0,Low,None,Low
EV300718,2025-02-05 10:00:00,F02,L05,M034,Inspection,Controller,92.15,3.05,8.38,10.95,1778.0,43.52,2625.2,346,B135,B,82.4,None,43.72,30.55,10.07,521,469.0,Low,None,Medium
EV300719,2025-03-01 20:30:00,F04,L04,M009,Finishing,Gearbox,81.22,1.26,8.88,25.66,1473.0,47.48,5018.9,168,B100,A,89.96,Surface,29.19,8.44,14.88,120,158.0,Low,Finishing,Low
EV300720,2025-03-13 10:30:00,F01,L01,M009,Machining,Motor,64.48,1.94,6.18,11.94,1621.0,38.86,7725.5,463,B100,B,95.93,Assembly,53.75,33.55,7.99,69,307.0,Low,Machining,Medium
EV300721,2025-01-23 15:30:00,F02,L02,M011,Assembly,Controller,58.27,8.55,9.52,15.04,1864.0,38.23,10572.6,101,B150,A,89.91,Material,47.22,16.46,1.64,519,489.0,Low,Assembly,Low
EV300722,2025-01-06 10:30:00,F04,L06,M039,Raw Material,Controller,82.65,0.77,7.76,14.87,1970.0,43.14,12141.8,48,B172,B,100.0,None,50.1,7.1,8.53,519,148.0,Low,None,Low
EV300723,2025-02-13 22:00:00,F04,L01,M015,Raw Material,Motor,68.77,1.38,8.26,20.37,1648.0,39.46,431.0,183,B130,B,84.49,None,39.11,25.69,18.29,378,136.0,Low,None,High
EV300724,2025-01-14 17:00:00,F01,L02,M008,Machining,Pump,64.05,5.37,5.24,13.99,1691.0,41.5,7774.5,42,B159, B ,75.21,Surface,59.96,17.58,22.43,522.0,365.0,Low,MACHINING,Low
EV300725,2025-01-30 04:00:00,F02,L08,M023,Welding, Gearbox ,79.74,0.18,7.68,17.36,1547.0,49.1,11977.6,74, B167 ,C,93.98,Electrical,55.31,4.55,10.62,523,160.0,Low,Welding,Medium
EV300726,2025-02-08 08:30:00,F02,L04,M007,Finishing,Controller,72.14,1.22,7.63,15.56,1890.0,46.26,3252.4,38,B101,C,91.54,None,35.81,59.01,13.91,532,311.0,low,None,Medium
EV300727,2025-01-08 12:00:00,F02,L06,M006,Raw Material,Motor,60.69,1.79,5.99,14.97,2028.0,61.21,5952.2,119,B165,B,96.12,Assembly,47.56,5.93,13.19,526.0,409.0,Low,Raw Material,Low
EV300728,2025-03-02 20:00:00,F02,L07,M007,Welding,Pump,48.9,0.28,6.99,21.3,1529.0,32.21,4509.1,159,B132,A,93.34,None,41.53,16.47,7.66,521,321.0,Low,None,Medium
EV300729,2025-01-11 03:00:00,F05,L05,M030,Assembly,Valve,88.23,1.53,6.88,17.26,1866.0,36.1,6118.5,286,B154,B,80.37,None,47.92,12.09,11.67,79,282.0,Low,None,Low
EV300730,2025-02-24 01:00:00,F02,L01,M032,Finishing,Gearbox,60.04,5.26,9.21,19.9,2005.0,22.34,9472.3,398,B106,A,85.33,None,31.91,54.5,0.82,231,96.0,Low,None,High
EV300731,2025-02-22 08:00:00,f01,L07,M011, Machining ,Motor,88.16,3.22,5.27,7.86,1891.0,50.13,3211.7,127, B148 ,C,84.96,Dimensional,46.77,3.69,3.6,557,87.0,Low,Machining,Low
EV300732,2025-01-16 05:00:00,F02,,M009,Assembly,Pump,83.26,1.67,6.83,13.23,1399.0,40.69,4445.3,93,B160,B,78.05,None,49.61,8.24,15.47,467,525.0,Low,None,Low
EV300733,2025-01-14 20:30:00,F04,L01,M018,Inspection,Motor,83.56,2.34,6.06,15.95,2028.0,39.82,12532.1,159,B177,A,94.61,None,45.13,31.24,5.89,575,70.0,Low,none,High
EV300734,2025-03-06 01:00:00,F04,L08,M030,Finishing,Valve,69.05,0.92,6.79,20.4,2011.0,43.71,2189.7,275,B134,B,87.69,Assembly,51.09,10.95,11.01,479,274.0,Low,Finishing,Medium
EV300735,2025-03-09 05:30:00,F02,L05,M004,Raw Material,Gearbox,72.45,5.53,6.41,23.11,1854.0,55.6,2381.7,446,B155,A,89.64,None,39.48,15.82,9.2,55,233.0,Low,None,Low
EV300736,2025-01-28 03:00:00,F02,L05,M022,Raw Material,Motor,63.19,2.82,7.0,13.89,1697.0,41.9,13912.0,388,B163,A,94.36,None,33.4,18.73,16.21,323,195.0,Medium,None,Low
EV300737,2025-02-11 23:00:00,F01,L03,M001,,Valve,83.11,1.02,6.54,22.26,,42.47,9925.7,192,B145,B,84.07,None,23.96,5.85,9.53,139.0,221.0,Low,None,Low
EV300738,2025-02-13 16:00:00,F04,L04,M026,Inspection,Controller,69.56,1.76,7.17,22.25,2464.0,28.87,8776.8,381,B122,C,83.79,Dimensional,74.55,4.75,10.52,501,503.0,Low,Inspection,Medium
EV300739,2025-02-13 23:30:00,F04,L08,M035,Welding,Motor,76.74,2.19,7.32,16.76,1399.0,53.22,7287.1,218,B110,B,88.92,None,42.28,9.18,9.44,482,41.0,Low,None,Medium
EV300740,2025-02-26 11:30:00,F05,L02,M011,Inspection,Motor,79.69,1.95,5.7,19.04,1783.0,44.18,14577.0,207, B108 ,B,92.4,None,43.56,1.19,23.73,364,383.0,Low,None,Low
EV300741,2025-03-16 12:00:00,F04,L08,M034,Inspection,Valve,77.86,5.03,7.99,16.96,1602.0,39.03,7792.8,148,B110,A,90.46,None,43.35,4.96,10.84,196,233.0,LOW,None,Low
EV300742,2025-03-06 09:00:00,F02,L02,M006,Finishing,Motor,95.06,0.85,7.92,19.42,2171.0,37.5,1395.3,35,B107,A,100.0,None,56.1,12.16,11.15,331,370.0,Medium,None,LOW
EV300743,2025-01-12 05:00:00,F05,,M038,Inspection,Valve,78.43,1.0,6.7,13.77,2410.0,48.8,8733.7,409,B158,B,86.42,,30.57,8.77,4.88,579,478.0,Low,None,Low
EV300744,2025-03-02 06:00:00,F03,L01,M005,Finishing,Gearbox,76.67,0.95,9.27,15.01,1821.0,53.33,1525.8,245,B172,B,85.7,None,49.5,35.08,26.64,505,205.0,Low,None,Medium
EV300745,2025-02-07 06:00:00,F03,L05,M019,Machining,Valve,87.92,2.43,6.13,10.11,1968.0,39.79,4934.7,424,B157,B,76.4,Electrical,38.23,17.33,2.61,173,528.0,Low,Machining,Low
EV300746,2025-01-31 23:00:00,F02,L01,M017,Finishing,Controller,76.35,0.56,7.02,15.97,1636.0,56.6,1543.3,296,B100,B,84.91,None,39.26,20.52,6.3,214,388.0,Low,None,Medium
EV300747,2025-01-03 16:30:00,F04,L07,M026,Welding,Pump,72.25,1.34,8.84,15.88,2135.0,44.44,11132.4,122,B118,C,78.06,None,51.12,11.64,16.83,184,114.0,Low,None,Low
EV300748,2025-01-29 17:30:00,F02,L02,M013,Machining,Motor,38.59,1.85,5.55,18.62,1499.0,51.4,7243.4,430,B159,C,100.0,None,45.92,2.56,2.04,212,426.0,Low,None, Low 
EV300749,2025-02-24 12:00:00,F05,L08,M036,Welding,Pump,78.0,4.53,5.84,23.7,1223.0,43.18,3708.4,499,B138,C,100.0,None,50.86,11.59,2.99,127,237.0,Low,None,Low
EV300750,2025-02-09 09:00:00,F04,L04,M032,Machining,Motor,72.33,3.11,6.86,19.08,2222.0,45.31,1046.5,493,B101,B,85.64,Surface,45.92,10.37,21.0,148,266.0,Low,Machining,Low
EV300751,2025-02-27 21:00:00,F05,L04,M036,Inspection,Controller,64.91,5.09,5.66,25.71,2119.0,30.66,10214.1,118,B163,,97.27,None,35.5,5.13,15.46,476,579.0,Low,None,Low
EV300752,2025-01-20 17:00:00,F05,L01,M015,Inspection,Controller,59.15,1.85,5.94,19.15,2097.0,54.7,14798.1,343,B163,C,90.84,None,37.78,2.17,11.77,135,462.0,Low,None,Low
EV300753,2025-01-17 11:30:00,F05,L03,M027,Finishing,Valve,63.45,2.87,6.18,14.67,1739.0,46.0,333.1,250,B105,B,76.37,None,46.33,5.85,10.59,555,85.0,Low,None,Low
EV300754,,F05,L06,M018,Finishing,Valve,83.52,3.14,6.67,12.74,1883.0,35.28,9180.0,26,B166,A,94.37,none,47.06,14.12,7.07,325,213.0,Low,None,Medium
EV300755,2025-03-15 02:30:00,F03,l02,M010,Finishing,Controller,84.3,1.77,7.72,11.28,1620.0,37.41,1104.9,333,B178,B,89.86,None,31.13,13.77,7.92,71,551.0,Low,None,Low
EV300756,2025-02-27 08:30:00,f03,L06,M001,Welding, Motor ,61.95,2.04,5.25,15.88,2032.0,34.03,5421.1,40,B136,A,96.77,None,67.01,8.34,9.18,133,130.0,Low,None,Medium
EV300757,2025-03-13 17:00:00,F04,L05,M034,Machining,Pump,72.01,2.28,7.48,12.28,1659.0,43.46,2504.8,484,B162,C,92.69,None,36.11,17.85,3.98,327,251.0,Low,None,Low
EV300758,2025-03-07 09:00:00,F05,l01,M037,Assembly,Controller,71.85,0.61,8.39,17.91,1869.0,44.58,13241.4,40,B141,A,85.67,None,49.33,11.8,14.42,185,484.0,Low,None,Low
EV300759,2025-02-01 14:00:00,F01,L05,M031,Machining,Motor,74.19,3.59,6.3,17.97,1575.0,30.53,8068.6,223,B122,C,94.09,None,64.56,19.57,19.25,90,278.0,Low,None,Low
EV300760,2025-03-08 20:30:00,F04,L02,M037,Inspection,Controller,69.27,5.2,6.97,14.87,1662.0,30.91,14450.0,3,B158,A,80.5,None,56.87,16.62,20.07,217,385.0,Low,None,Low
EV300761,2025-01-27 09:30:00,F04,L07,M011,Raw Material,Pump,63.35,3.62,6.37,19.66,1717.0,45.81,12828.4,162,B108, C ,91.15,Electrical,38.18,8.14,23.97,526,237.0,Low,Raw Material,Low
EV300762,2025-03-01 20:00:00,F02,L04,M002,Inspection,Pump,58.96,4.7,6.37,23.64,2025.0,49.11,6069.4,78,B144,B,87.42,Material,44.41,26.45,4.8,56,452.0,Low,Inspection,Medium
EV300763,2025-01-13 15:00:00,F01,L02,M023,Welding,Pump,61.04,1.35,6.59,18.75,1487.0,44.59,307.2,66,B149,C,84.82,None,56.59,27.54,11.17,398,80.0,Low,None,High
EV300764,2025-02-24 04:00:00,F03,L07,M021,Welding,Pump,60.79,8.4,6.61,16.2,2232.0,44.82,4545.0,437,B105,C,88.2,Material,44.21,8.69,18.62,164,240.0,High,Welding,Low
EV300765,2025-01-20 18:00:00,F01,L07,M008,Inspection,Controller,64.87,2.87,7.47,17.82,1381.0,33.42,13889.1,8,B156,B,86.28,,49.8,3.64,1.17,421,283.0,Low,None,Low
EV300766,2025-02-26 14:00:00,F03,L03,M017,Welding,Gearbox,59.67,3.16,8.17,12.92,1702.0,34.37,13709.9,171,B128,C,86.4,None,43.98,0.99,21.85,155,107.0,Low,None,Low
EV300767,2025-01-19 00:30:00,F03,L01,M010,welding,Pump,47.9,1.5,6.26,20.42,1953.0,25.7,2887.3,10,B169,B,91.46,None,46.6,4.63,4.31,74,348.0,Low,None,Low
EV300768,2025-01-27 23:30:00,F03,L02,M006,Assembly,Motor,63.72,1.84,9.06,25.17,1728.0,46.67,9306.3,97,B175,A,87.73, None ,56.36,16.62,2.06,248,89.0,Low,None,low
EV300769,2025-02-24 22:30:00,F04,L05,M005,Raw Material,Gearbox,45.33,4.75,7.12,14.65,2286.0,60.94,7689.9,104,B119,C,91.33,None,47.99,5.5,4.93,407,461.0,Low,None,Low
EV300770,2025-02-26 20:30:00,F01,L06,M033,Inspection,Controller,70.8,2.37,5.66,18.18,1749.0,51.21,11937.1,276,B101,A,92.82,None,54.16,37.41,5.77,265,303.0,Low,None,Medium
EV300771,2025-02-20 16:30:00,F03,L06,M010,Inspection,Motor,75.6,3.49,6.63,13.36,,38.74,11262.0,437,B127,B,83.7,None,39.84,6.48,9.69,518,64.0,Low,None,Low
EV300772,2025-02-17 00:30:00,F02,L08,M019,Machining,Pump,67.5,3.9,6.51,17.18,1835.0,44.92,5447.4,461,B177,A,89.17,None,52.1,1.33,3.23,320,,Low,None,Low
EV300773,2025-02-17 02:00:00,F01,L06,M002,Welding,Controller,64.94,3.5,6.86,18.34,1751.0,29.81,8451.6,383,B138,C,91.96,None,40.25,27.62,5.53,87,469.0,Low, None ,Medium
EV300774,2025-01-29 23:30:00,F04,L03,M005,Machining,Valve,61.59,1.0,8.23,19.96,1730.0,33.73,14103.8,255,B157,C,100.0,None,51.18,3.18,8.4,61,574.0,Low,None,Low
EV300775,2025-02-21 19:30:00,F04,L05,M034,Inspection,Motor,59.41,6.23,6.56,7.03,1827.0,41.55,2998.5,60,B111,C,98.4,None,37.5,23.49,6.57,344,,Low,None,Medium
EV300776,2025-01-27 05:00:00, F02 ,L03,M022,Assembly,Gearbox,68.43,3.14,6.17,16.27,1980.0,54.66,12992.5,324,B124,A,96.47,None,46.15,3.46,16.64,349,499.0,Low,None,Low
EV300777,2025-03-08 06:30:00,F03,L03,M025,Assembly,Gearbox,81.1,1.91,5.91,19.06,1664.0,40.47,10800.0,41,B127,C,94.48,None,10.4,11.29,25.84,515,47.0,Low,None,Low
EV300778,2025-03-01 23:00:00,F05,L02,M008,Inspection,Gearbox,61.86,3.95,7.83,12.68,1493.0,49.68,3962.9,354,B114,B,100.0,None,47.92,32.54,6.85,595,83.0,Low,None,Medium
EV300779,,F01,L04,M013,RAW MATERIAL,Valve,74.27,1.61,8.16,25.05,1536.0,38.76,1965.8,359,B144,B,84.45,none,25.94,13.25,11.85,467,298.0,Low,None,Low
EV300780,2025-03-13 09:00:00,F05,L08,M022,Machining,Gearbox,61.92,0.77,7.82,17.87,1793.0,42.74,987.3,35,B161,B,87.06,None,37.59,14.52,7.59,434,500.0,Low,None,Low
EV300781,2025-02-15 12:30:00,F04,L03,M016,Raw Material,Gearbox,53.04,0.95,,12.09,1681.0,47.86,225.0,176,B114,B,89.19,None,57.73,15.93,1.43,421,504.0,Low, None ,Low
EV300782,2025-02-23 00:00:00,F01,L05,M022,Finishing,Controller,50.72,2.88,7.39,19.51,1737.0,50.03,13973.6,102,B145,B,94.69,None,48.76,1.72,3.87,504,438.0,Low,None,Low
EV300783,2025-02-05 01:30:00,F04,L03,M007,Inspection,Gearbox,75.08,5.38,7.09,20.41,1744.0,33.28,8704.1,372,B158,B,95.25,None,41.02,55.24,11.89,267,255.0,Low,None,Medium
EV300784,2025-01-10 03:30:00,F05,L01,M011,Welding,Controller,69.69,1.89,7.26,19.06,2202.0,45.09,7884.2,269,B102,C,85.83,None,37.61,7.81,3.19,60.0,538.0,Low,None,Low
EV300785,2025-02-15 01:00:00,F02,L06,M040,Inspection,Motor,60.3,0.57,5.92,24.96,2212.0,39.68,12089.7,130,B155,C,79.12,None,40.31,6.92,10.57,451,370.0,Low,None,Low
EV300786,2025-02-12 06:00:00,F01,L05,M012,Finishing,Motor,59.5,2.25,7.09,21.51,1930.0,28.55,13182.6,58,B130,B,85.25,Dimensional,44.23,22.63,19.02,54,121.0,Low,Finishing,Low
EV300787,2025-01-13 06:30:00,F05,L01,M023,Inspection,Valve,55.31,3.07,6.52,13.82,1825.0,53.05,6388.4,6,B130,C,87.15,None,62.11,11.05,2.95,453,,Low,None,Low
EV300788,2025-01-02 02:30:00,F02,L05,M015,Welding,Motor,75.35,5.18,9.65,17.53,1588.0,33.12,11772.2,431,B132,B,88.2,Dimensional,48.18,9.91,6.55,250,389.0,Low,Welding,Low
EV300789,2025-02-12 22:30:00,F03,L07,M011,Machining,Valve,50.45,2.94,7.76,10.81,1715.0,39.83,3744.6,286,B114,A,83.02,None,21.57,7.57,4.86,388,229.0, Low ,None,Medium
EV300790,2025-03-05 08:30:00,F02,l07,M006,Welding,Controller,86.72,1.54,4.82,20.2,1727.0,50.88,2588.1,29,B158,C,90.9,None,39.9,0.91,20.19,423,594.0,Low,None,
EV300791,2025-01-13 04:30:00,F02,L08,M034,Welding,Valve,72.98,2.92,6.39,24.48,1900.0,38.58,14342.4,10,B152,B,89.49,None,29.4,4.03,7.99,211,569.0,Low,None,Low
EV300792,2025-02-13 04:30:00,F04,L07,M021,Raw Material,Pump,76.96,2.3,6.49,8.98,2001.0,44.51,9399.5,83,B121, B ,93.94,None,50.05,6.48,13.2,136,76.0,Low,None,Low
EV300793,2025-02-06 09:30:00,F05,L03,M010,Machining,Valve,57.48,1.79,8.79,21.05,2182.0,52.62,949.1,334,B173,C,81.36,None,72.38,17.3,4.57,556,101.0,Low,None,Medium
EV300794,2025-02-09 17:00:00,F02,L07,M017,Machining,PUMP,61.06,1.87,7.51,9.9,2219.0,44.92,10930.8,476,B125,B,89.01,Electrical,47.57,22.59,8.27,320,167.0,Low,Machining,Medium
EV300795,2025-03-15 08:00:00,F01,L08,M031,Assembly,Motor,75.0,2.06,8.05,13.65,1851.0,36.24,2030.6,45,B162,B,93.67,None,41.28,19.54,5.11,588,74.0,Low,None,Medium
EV300796,2025-02-21 06:00:00,F04,L06,M006,Assembly,Gearbox,57.93,0.91,8.0,22.11,2091.0,59.4,14800.2,457,B102,A,98.46,None,37.74,34.16,12.13,555,454.0,Medium,None,Low
EV300797,2025-02-09 20:00:00,F03,L08,M040,Finishing,Motor,63.22,0.7,4.7,18.39,1791.0,43.6,13974.1,420,B102,A,88.42,None,57.45,13.15,2.69,525,,Medium,None,Low
EV300798,2025-01-22 18:30:00,F03,L05,M013,Raw Material,Gearbox,93.22,2.85,7.93,14.52,2195.0,53.67,11248.9,140,B108,C,100.0,None,54.2,4.16,12.89,60,444.0,Low,None,Low
EV300799,2025-03-04 04:00:00,F03,L04,M030,Machining,Controller,67.04,4.76,8.25,14.66,1841.0,37.34,12823.5,90,B157,C,84.97,None,54.49,6.79,5.46,355,110.0,Low,None,Medium
EV300800,2025-02-04 00:30:00,F05,L02,M027,Welding,Motor,71.53,3.98,9.7,9.26,1970.0,45.49,12545.5,376,B137,B,100.0,Dimensional,42.81,20.83,0.69,90,169.0,Medium,Welding,Low
EV300801,2025-01-03 22:30:00,F05,L04,M011,Machining,Pump,72.34,0.82,6.07,25.51,1896.0,27.29,2205.9,215,B165,A,89.36,Material,40.02,12.86,6.31,546,332.0,Low,Machining,Low
EV300802,2025-03-16 07:00:00,F05,L03,M014,Assembly,Controller,60.51,3.96,4.78,20.96,1553.0,32.58,2949.0,189,B100,,98.13,None,48.23,39.01,14.69,307,125.0,Low,None,Medium
EV300803,2025-02-01 10:30:00,F04,L05,M029,Machining,Motor,70.95,2.6,7.25,17.27,1832.0,45.91,7187.0,348,B104,C,88.46,,59.92,17.75,3.34,354,,Low,None,Low
EV300804,2025-01-23 02:00:00,F02,L01,M038,Assembly,Gearbox,59.41,2.23,7.14,16.28,1674.0,39.5,4947.4,323,B160,B,100.0,None,31.63,15.74,12.8,264,198.0,Low,None,Low
EV300805,2025-01-28 08:30:00,F01,L06,M028,Machining,Valve,86.37,1.84,4.72,21.67,1971.0,26.49,897.2,469,B155,C,77.45,Surface,31.72,12.67,7.77,105,539.0,Low,Machining,Low
EV300806,2025-02-18 00:00:00,F02,L08,M005,Welding,Motor,56.65,1.76,7.13,10.01,1485.0,29.18,11800.4,342,B106,C,97.17,None,53.17,4.38,20.05,588,493.0,Low,none,Low
EV300807,2025-02-17 04:00:00,F02,L06,M013,Assembly,Controller,69.57,2.72,8.13,15.52,1836.0,42.68,1274.0,262,B139,A,100.0,None,44.99,5.03,1.78,474,59.0,Low,None,Low
EV300808,2025-01-09 08:00:00,F03,L07,M028,Inspection,Valve,67.01,15.22,5.39,15.26,1555.0,35.54,6291.3,220,B112,A,84.15,None,48.69,21.26,6.97,321,255.0,Low,None,Low
EV300809,2025-02-27 21:00:00,F05,L08,M026,Inspection,Motor,56.74,4.01,6.46,24.54,1589.0,42.33,9762.1,337,B126,A,100.0,None,48.54,32.06,22.67,207,83.0,Low,None,Medium
EV300810,,F03,L01,M030,Machining,Gearbox,53.62,5.26,6.71,13.06,,47.77,419.9,464,B112,B,91.98,Surface,58.32,10.61,5.42,419,507.0,Low,Machining,Low
EV300811,2025-03-09 02:30:00,F01,L03,M010,Assembly,Gearbox,58.24,1.01,8.08,19.48,1814.0,52.04,3981.0,232,B142,B,85.14,None,48.07,31.51,2.47,344,506.0,Low,None,
EV300812,2025-02-19 07:00:00,F02,L07,M003,Raw Material,Pump,76.13,3.44,6.78,24.39,1987.0,33.99,13221.7,84,B110,,92.47,None,41.99,3.69,14.18,576,416.0,Low,None,Low
EV300813,2025-02-07 06:30:00,F02,L02,M037,Assembly,Controller,62.21,1.51,7.02,16.57,1940.0,33.21,8836.0,170,B127,B,78.06,None,39.76,15.68,3.45,151,105.0,Low,None,Low
EV300814,2025-02-16 05:00:00,F04,L06,M037,Raw Material,Valve,75.01,1.23,7.75,19.86,1540.0,31.71,2715.1,100,B149,A,95.66,None,186.78,6.15,22.13,62,348.0,Low, None ,Low
EV300815,2025-01-03 23:00:00,F02,L01,M009,Finishing,Controller,69.89,4.54,5.03,15.28,1996.0,45.28,11948.5,16,B144,B,100.0,None,32.69,6.99,5.3,254,233.0,Low,None,Low
EV300816,2025-01-27 22:00:00,f01,L07,M019,Assembly,Valve,80.04,0.59,9.36,15.19,1238.0,53.15,8657.6,255,B145,A,99.36,None,50.88,1.97,9.73,74,399.0,Low,None,Low
EV300817,2025-07-02 18:30:00,F05,L06,M006,Raw Material,Gearbox,72.79,1.55,4.76,22.15,1503.0,29.23,6023.1,63,B161, B ,100.0,None,26.73,13.25,5.59,231,193.0,low,None,Low
EV300818,2025-01-07 22:00:00,F02,L02,M035,Machining,Valve,95.47,1.21,8.86,18.87,1788.0,28.1,1080.0,226,B100,A,100.0,Material,48.67,6.4,0.84,55,445.0,Low,Machining,Low
EV300819,2025-02-11 05:30:00,F02,L02,M036,Raw Material,Valve,84.3,1.91,5.33,16.72,1697.0,44.08,1271.7,300,b147,C,92.64,None,32.08,29.11,7.87,415,456.0,Low,None,Medium
EV300820,2025-01-21 18:00:00, F02 ,L01,M023,Raw Material,Motor,68.82,2.28,6.85,9.94,1539.0,49.4,11222.4,477,B156,b,93.94,Electrical,41.9,11.58,11.52,373,87.0,Low,Raw Material,Medium
EV300821,2025-03-11 15:00:00,F01,L02,M033,Inspection,Motor,49.53,4.26,4.24,18.78,1361.0,56.88,4750.8,234,B165,C,89.05,Surface,39.55,32.27,13.07,427,568.0,Low,Inspection,Low
EV300822,2025-02-23 18:30:00,F02,L02,M025,Machining,Pump,86.83,6.16,7.76,24.43,2008.0,47.44,11894.9,401,B108,B,92.43,Dimensional,42.24,18.55,1.54,80,136.0,Low,Machining,Low
EV300823,2025-01-06 15:30:00,F04,L05,M028,Finishing,Gearbox,64.62,2.52,8.55,21.75,2100.0,40.57,2200.7,225,B160,B,100.0,None,22.5,4.91,11.15,275,45.0,Low,None,Low
EV300824,2025-01-02 22:00:00, F01 ,L01,M022,Assembly,Controller,71.24,1.33,6.37,17.12,1699.0,44.95,7901.9,373,B159,B,100.0,None,53.87,8.24,2.77,569,446.0,Low,None,Low
EV300825,2025-02-28 20:00:00,F02,L06,M039,Finishing,Motor,67.99,0.67,6.6,16.78,2282.0,42.29,4075.7,20,B161,C,81.86,None,50.59,17.56,5.51,119,194.0,Low,None,Low
EV300826,2025-02-08 00:30:00,F02,L04,M035, Assembly ,Controller,89.78,2.19,7.69,18.78,1772.0,58.13,1708.5,47,B114, B ,81.47,None,47.19,31.2,13.78,132,196.0,Low,None,Medium
EV300827,2025-02-18 13:00:00,F01,L08,M021,Welding,Pump,53.9,3.83,5.33,15.55,1624.0,28.2,7156.9,168,B160,C,97.27,None,52.69,1.55,4.27,518.0,91.0,low,None,Low
EV300828,2025-01-29 02:00:00,F02,L01,M021,Finishing,Pump,71.01,3.8,5.85,14.43,1671.0,41.32,6250.3,154,B131,C,82.22,None,57.35,11.59,10.4,540,467.0,Low, None ,Low
EV300829,2025-03-06 10:30:00,F02,,M027,Machining,Pump,78.3,4.77,8.81,14.78,,46.54,3512.3,53,B162,,81.91,None,49.14,7.08,4.54,206,,Low,None,Low
EV300830,2025-01-04 23:00:00,F01,L04,M009,Welding,Pump,33.82,3.73,8.29,15.85,1099.0,41.68,11791.0,394,B127,B,100.0,None,45.45,37.14,4.22,377,153.0,Low,None,Medium
EV300831,,F03,L01,M014,Finishing,Gearbox,62.3,2.19,9.45,18.99,1805.0,23.3,12321.9,136,B104,A,96.28,None,48.09,14.87,7.78,414,183.0,Low,None,
EV300832,2025-03-14 18:30:00,F05,L04,M027,Welding,Controller,57.27,3.31,7.88,21.71,1714.0,28.73,12481.6,410,B130,B,97.59,Electrical,53.0,2.34,6.91,204,455.0,Medium,Welding,Low
EV300833,2025-01-17 09:30:00,F02,L06,M001,Welding,Gearbox,49.02,3.08,5.26,19.34,2236.0,41.92,3856.5,386,B108,B,93.48,None,39.32,7.75,7.25,492,204.0,Low,None,Medium
EV300834,2025-01-27 02:00:00,F04,L04,M015,Finishing,Valve,61.56,1.32,7.64,15.9,1876.0,57.31,12401.7,301,B176,A,97.38,None,43.41,2.08,25.1,502,109.0,Low,None,Low
EV300835,,F01,L05,M024, Welding ,Motor,75.49,2.73,8.19,21.17,1880.0,36.57,13101.6,333,B126,a,87.6,None,55.14,15.51,4.02,137,569.0,Low,None,Low
EV300836,2025-03-13 10:00:00,F01,L08,M018,Finishing,Pump,66.28,1.23,4.98,13.17,1535.0,55.0,10009.7,492,B122,B,86.81,None,33.93,25.26,16.84,478,298.0,Low,None,Medium
EV300837,2025-01-01 11:00:00,F04,L02,M006, Welding ,Controller,51.89,3.95,6.16,20.79,1904.0,44.94,2774.5,14,B132,C,92.88,,20.71,21.31,6.05,517,281.0,Low,None,Medium
EV300838,2025-02-20 05:00:00,F01,L08,M010,Machining,Pump,56.81,7.06,6.33,21.75,1634.0,31.09,1962.5,311,B111,B,83.25,None,26.64,6.16,7.66,514,84.0,Medium,None,Medium
EV300839,2025-01-31 10:30:00,F05,L01,M026,Raw Material,Motor,70.78,1.83,6.88,20.12,1616.0,33.71,11288.1,215,B110,A,79.23,None,41.87,18.4,2.23,593,557.0,Low,None,Low
EV300840,2025-02-21 06:00:00,F01,L04,M005,Raw Material,Motor,68.87,3.97,8.12,22.71,1560.0,37.69,8584.0,214,B126,A,92.54,None,52.18,9.96,5.24,300,311.0,LOW,None,Low
EV300841,2025-03-11 15:00:00,F03,L06,M036,Raw Material,Motor,65.33,1.69,8.11,18.14,2042.0,41.02,6637.7,180,B133,B,86.42,None,56.12,5.57,6.4,54,159.0,Low,None,Low
EV300842,2025-02-12 22:00:00,F05,L08,M033,Raw Material,Motor,47.88,2.36,7.76,11.6,1935.0,45.19,14591.2,296,B163,A,100.0,None,25.64,19.82,27.69,396,42.0,Low,None,Low
EV300843,2025-03-06 21:30:00,F03,L03,M004,Inspection,Motor,83.81,3.23,7.96,23.29,1990.0,36.56,3285.1,384,B176,C,90.38,None,34.93,21.0,9.03,155,443.0,Low,None,Low
EV300844,2025-03-08 06:30:00,F02,L02,M002,Inspection,Motor,80.75,1.65,7.28,19.5,1628.0,41.11,14312.6,255,B130,C,89.01,None,44.22,30.61,4.73,120,343.0,Low,None,Medium
EV300845,2025-02-03 01:30:00,F03,L03,M037,Machining,gearbox,63.49,1.52,5.7,13.07,1776.0,39.39,6589.0,418,B136,A,97.4,None,49.21,14.8,9.58,565,544.0,Low,None,Low
EV300846,2025-02-22 11:00:00,F03,L06,M014,,Motor,67.87,5.81,7.55,12.53,1827.0,38.15,14934.2,71,B107,C,89.36,None,36.0,15.79,37.39,429,316.0,Low,None,Low
EV300847,2025-01-03 12:30:00,F01,L08,M040,,Pump,81.25,1.8,5.93,11.46,1902.0,40.33,3915.6,495,B169,A,90.67,None,41.89,45.51,3.83,208,148.0,Low,None,Low
EV300848,2025-02-14 06:00:00,F01,L08,M035,Inspection,Gearbox,79.15,6.28,7.46,19.36,1701.0,53.04,11237.0,201,B124,A,87.63,None,61.63,32.75,9.41,270,183.0,Low,None,High
EV300849,2025-02-11 13:30:00,F05,L03,M039,,Motor,67.82,1.61,9.42,21.72,1535.0,44.7,10244.4,46,B158,C,93.39,,41.47,15.55,10.91,51,227.0,Low,Raw Material,Low
EV300850,2025-02-12 04:30:00,F01,L07,M038,Welding,pump,47.66,2.35,8.92,19.71,1884.0,52.99,14171.0,323,B163,C,100.0,None,32.78,0.97,4.43,145,361.0,Low,None,Low
EV300851,2025-02-03 02:30:00,F03,L01,M035,Inspection,Controller,52.94,1.86,9.37,15.8,1741.0,43.09,13880.4,62,B112,C,93.59,None,40.6,35.18,13.37,526,318.0,Low,None,Medium
EV300852,2025-01-12 10:00:00,F04,L01,M014,Assembly,Valve,39.49,2.93,7.94,20.58,1607.0,55.49,11322.6,425,B135,A,89.69,None,64.86,8.71,26.36,508,473.0,Low,None,Medium
EV300853,2025-01-14 03:00:00,F02,L05,M001,Raw Material,Pump,62.14,2.89,5.73,13.59,1714.0,50.61,12121.8,340,B173,B,100.0,None,55.85,13.29,2.63,483,435.0,Low,None, Low 
EV300854,2025-03-15 21:00:00,F02,L02,M011, Inspection ,Gearbox,62.92,5.04,8.42,18.8,1754.0,43.05,12111.6,373,B178,A,97.03,None,37.59,22.45,2.97,577,195.0,Medium,None,Medium
EV300855,2025-03-16 23:30:00,F05,L02,M014,Assembly,Pump,69.15,1.67,6.06,20.19,1685.0,41.35,10858.8,46,B148,B,91.18,None,41.12,16.42,9.04,185,549.0,Low,None,Low
EV300856,2025-01-24 17:30:00,F04,L04,M018,Raw Material,Valve,80.56,3.51,6.8,14.33,1591.0,33.65,639.7,312,B138,A,90.16,None,41.74,7.17,5.19,236,467.0,Low,None,Low
EV300857,2025-03-08 02:30:00,F01,L05,M040,Raw Material,Gearbox,78.04,3.07,6.67,10.68,1542.0,40.45,2510.7,330,B115,B,100.0,None,57.29,6.84,2.04,596,589.0,Low,None,Low
EV300858,2025-03-12 06:30:00,F03,L01,M001,Raw Material,Motor,77.87,6.67,5.92,14.29,1832.0,45.42,11438.5,290,B165,B,85.3,None,42.14,22.25,8.36,523,60.0,Low,None,High
EV300859,2025-03-06 13:30:00,F01,L04,M003,Assembly,Valve,66.45,2.22,4.91,18.01,1803.0,28.5,14450.1,418,B155,B,85.17,None,53.21,10.13,4.87,361,410.0,Medium,None,Low
EV300860,2025-01-03 16:00:00,F01,L07,M038,Finishing,Pump,70.71,2.3,6.06,16.66,,31.89,2528.8,306,B155,C,86.06,None,41.98,13.53,6.78,398,116.0,Low,None,Low
EV300861,2025-02-10 05:30:00,F02, L04 ,M030,Machining,Gearbox,77.88,0.24,5.43,21.44,1873.0,45.03,3193.9,355,B166,A,90.76,Dimensional,51.6,3.89,6.01,548,373.0,Low,Machining,Low
EV300862,2025-01-14 00:00:00,F05,L08,M014,Finishing,Valve,79.05,2.35,6.25,19.04,1861.0,35.89,13837.0,239,B163,A,93.62,None,62.33,4.59,8.62,502,508.0,Low,None,Medium
EV300863,2025-02-07 22:30:00,F03, L06 ,M027,Raw Material,Valve,53.6,5.97,6.95,12.68,1659.0,41.08,12671.3,387,B175,A,85.43,None,38.35,6.11,17.42,476,98.0,Medium,None,Low
EV300864,2025-03-04 09:30:00,F02,L05,M010,welding,Pump,58.56,0.55,8.91,15.86,1801.0,47.92,5914.2,275,B128,C,84.75,None,59.93,3.39,7.46,260,92.0,Low,None,Low
EV300865,2025-03-14 05:00:00,F05,L04,M016,Welding,Motor,67.59,1.73,,12.55,2275.0,38.72,14379.7,62,B166,B,96.82,None,20.48,29.44,3.73,213,591.0,Low,None,Low
EV300866,2025-01-23 03:00:00,F05,L08,M020,Assembly,Gearbox,76.72,3.07,7.39,21.79,1751.0,36.55,3360.5,325,B173,A,89.16,None,42.9,3.54,13.01,544,39.0,Low,None,Low
EV300867,2025-01-10 13:30:00,F04,L01,M032,INSPECTION,Pump,85.2,1.93,7.91,22.54,1885.0,54.34,11845.0,83,B163,B,90.98,Electrical,48.05,5.74,7.5,65,137.0,Low,Inspection,Low
EV300868,2025-01-21 21:30:00,F04,L03,M006,Raw Material,Valve,76.53,1.6,7.67,24.71,1814.0,31.08,11823.1,467,B161,B,100.0,Electrical,29.71,2.44,5.37,359,281.0,Low,Raw Material,Low
EV300869,2025-02-02 12:30:00,F02,L08,M019,Finishing,Gearbox,59.83,2.2,5.91,24.0,1686.0,45.22,8658.4,345,B104,C,97.34,None,39.57,7.86,5.69,239,64.0,Low,None,Low
EV300870,2025-01-29 18:00:00,F04,L05,M017,Inspection,Gearbox,54.35,3.06,7.77,21.3,1399.0,30.87,190.5,5,B115,A,78.88,None,61.16,4.15,5.04,501,463.0,Low,None,Medium
EV300871,2025-03-16 22:00:00,F02,L04,M013,Raw Material,Valve,62.98,2.42,6.56,15.42,1832.0,37.5,2474.8,89,B161,C,84.46,none,50.21,4.98,22.32,108,301.0,Low,None,Low
EV300872,2025-03-16 05:00:00,F02,L02,M001,Assembly,Valve,61.25,3.95,8.2,15.8,2497.0,61.39,9496.9,81,B132,B,76.52,None,55.85,12.71,27.7,358,257.0,Low,none,Low
EV300873,2025-01-06 19:00:00,F05,L07,M035,Machining,Valve,46.74,2.12,6.24,22.97,1549.0,45.88,12656.7,388,B121,C,95.91,None,43.02,8.44,26.12,526,205.0,MEDIUM,None,Low
EV300874,2025-02-15 01:30:00,F01,L02,M021,Finishing,Controller,64.68,1.26,5.41,18.76,1518.0,57.39,2277.1,130,B179,C,93.55,None,19.3,6.39,16.48,233,536.0,Low,None,Low
EV300875,2025-01-16 14:30:00,F01,L01,M035,Machining,Motor,44.69,0.34,7.86,19.67,1353.0,55.05,5477.9,352,B128,B,91.35,None,21.42,16.64,6.73,398,584.0,Low,None,Low
EV300876,2025-03-10 16:30:00,F05,L05,M013,Machining,Gearbox,79.2,1.85,7.39,16.34,1444.0,29.78,685.7,431,B128,A,91.23,None,31.48,12.91,2.77,436,249.0,Low,None,Low
EV300877,2025-03-10 05:00:00,F02,L05,M017,Raw Material,Motor,65.66,1.95,6.35,13.65,1755.0,43.92,9280.8,238,B160, C ,86.41,None,56.71,5.43,8.58,389,508.0,Low,None,Low
EV300878,2025-01-01 05:00:00,F04,L08,M008,Inspection,Controller,75.56,0.95,5.73,16.91,1730.0,55.49,8392.5,471,B142,C,91.45,None,40.18,9.95,20.65,421,168.0,Low,None,Medium
EV300879,2025-02-01 08:30:00,F03,L07,M032,Inspection,Gearbox,82.82,3.31,8.43,15.44,1774.0,36.84,10317.6,456,B153,B,86.85,None,39.99,13.84,11.69,126,325.0,Low,None,Low
EV300880,2025-02-25 02:30:00,F01,L04,M015,Inspection,Gearbox,84.29,5.51,4.95,21.11,1875.0,37.19,827.3,405,B159,A,91.33,Electrical,17.05,18.79,9.45,55,536.0,Low,Inspection,Low
EV300881,2025-02-05 03:30:00,F03,l07,M032,Inspection,Controller,82.0,2.87,6.8,13.57,1772.0,44.52,11963.7,378,B175,A,100.0,None,43.54,1.54,2.46,353,52.0,Low,None,Low
EV300882,2025-02-26 16:30:00,F04,L04,M009,MACHINING,Pump,79.37,0.93,4.71,13.22,1905.0,28.52,12973.9,321,B131,a,96.08,None,62.21,6.04,4.0,550.0,229.0,Low,None,Medium
EV300883,2025-01-12 00:00:00,f05,L02,M022,Welding,Gearbox,52.01,4.82,6.24,12.72,1649.0,36.75,6722.5,286,B140,A,87.14,Electrical,52.3,8.12,10.96,69,416.0,Low,Welding,Low
EV300884,2025-02-22 13:00:00,F01,L07,M038,,Valve,83.97,0.47,5.84,20.01,2081.0,33.58,13392.4,55,B169,A,92.06,None,53.31,3.21,1.85,114,371.0,Low,None,Low
EV300885,2025-02-11 11:30:00,F01,L02,M007,Inspection,Pump,83.97,2.71,5.92,20.89,1785.0,48.96,10714.9,25,B123,A,97.3,None,55.7,10.07,14.76,491,196.0,Low,None,Low
EV300886,2025-02-03 09:30:00,F03,L07,M028,Assembly,Gearbox,44.49,5.55,5.35,25.97,1795.0,37.03,9453.8,73,B171,B,99.76,None,44.13,28.85,2.45,516,543.0,Low,None,Low
EV300887,2025-01-17 08:30:00,F02,L06,M038, Machining ,Controller,48.71,1.96,8.19,16.99,1522.0,35.67,1751.6,367,B178,C,72.25,,54.82,21.16,2.6,81,270.0,Low,None,
EV300888,2025-01-26 23:00:00,F03,L05,M034,Raw Material,Gearbox,70.3,3.69,9.2,24.08,1907.0,48.22,8949.5,486,B125,C,85.93,electrical,70.86,3.4,11.11,246,282.0,Low,Raw Material,Low
EV300889,2025-01-15 20:00:00,F04,l01,M012,Welding,Gearbox,53.19,1.07,6.98,18.87,1556.0,28.7,3405.7,247,B118,B,92.32,None,38.47,4.86,15.9,59,233.0,Low,None,Low
EV300890,,F02,L08,M005,Machining,Controller,93.24,4.0,7.38,13.33,1809.0,44.56,9977.5,15,B137,C,90.07,None,274.5,1.55,9.84,439,371.0,Low,None,Low
EV300891,2025-01-31 01:00:00,F04,L03,M008,Inspection,Controller,60.61,5.95,6.4,20.41,1624.0,44.09,14786.3,214,B175,B,99.49,None,42.5,10.31,11.18,277,101.0,LOW,None,Low
EV300892,2025-02-03 17:00:00,F01,L03,M017,Raw Material,Valve,44.36,0.63,7.63,13.16,2071.0,32.23,9034.8,270,B108,A,82.8,None,53.53,10.64,16.95,60,485.0,LOW,None,Low
EV300893,2025-02-28 08:00:00,F05,L01,M029,Welding,Motor,55.65,3.21,7.97,14.76,1599.0,30.02,13102.0,220,B176,C,84.82,,42.49,7.37,4.78,325,114.0,Low,Welding,Medium
EV300894,2025-02-17 04:00:00,F02,L06,M016,Machining,Controller,75.58,2.36,7.52,14.26,1817.0,40.4,9129.0,87,B175,A,86.3,None,54.24,16.77,16.88,572,158.0,Low,None,low
EV300895,2025-02-13 03:30:00,F03,L05,M034,Machining,Gearbox,73.3,1.78,7.3,13.99,1991.0,31.4,757.5,87,B173,C,79.87,None,54.13,4.73,8.14,533,490.0,Low,None,Low
EV300896,2025-03-07 10:30:00,F01,L02,M028,Raw Material,Valve,78.95,2.33,5.69,18.03,1703.0,35.63,11351.1,289,B111,C,87.57,None,51.31,4.67,10.49,326,411.0,Low,None,Low
EV300897,2025-03-02 15:30:00,F04,L01,M016,Finishing,Motor,69.46,0.23,7.95,15.85,2009.0,43.98,13639.6,333,B124,C,86.29,None,52.81,5.4,2.19,367,,Low,None,Medium
EV300898,2025-02-01 17:00:00,F03,L08,M013,Assembly,Motor,55.76,3.75,3.69,13.2,2037.0,46.95,9432.9,397,B136,B,87.23,None,40.05,19.56,5.2,264,58.0,Low,None,Low
EV300899,2025-01-17 12:00:00,F01, L01 ,M034,Finishing,Valve,72.94,3.18,6.78,18.14,2084.0,31.55,14748.4,188,B101,B,86.83,none,52.26,33.44,2.92,526,460.0,Low,None,Medium
EV300268,2025-02-01 00:30:00,F03,L08,M002,Inspection,Valve,83.68,3.58,6.65,12.1,2082.0,45.13,1056.3,470,B118,C,92.88,None,18.03,26.86,3.7,191,133.0,Low,None,Medium
EV300574,2025-01-03 09:30:00,F01,L06,M013,Inspection,GEARBOX,71.63,5.8,7.32,11.83,1914.0,50.18,5817.3,379,B164,a,89.4,None,49.29,1.57,14.52,513,537.0,Low,None,Low
EV300507,2025-02-17 06:00:00,F02,L08,M013,WELDING,Motor,67.8,2.91,37.15,21.09,1903.0,43.37,2356.5,219,B148,,90.94,None,44.21,4.25,10.86,458,296.0,Low,None,medium
EV300673,2025-01-01 17:30:00,F05,L05,M032,Welding,Valve,66.67,3.15,7.73,16.34,2008.0,56.12,14414.6,262,B127,C,92.16,None,48.77,16.08,20.88,471,,Low,None,Low
EV300294,2025-01-28 07:00:00,F05,L02,M040,Finishing,Controller,77.63,2.51,6.6,10.56,1815.0,60.2,5653.5,301,B173,C,90.98,None,66.55,21.3,12.27,209,436.0,Low,None,High
EV300155,2025-02-07 11:30:00,F01,,M008,Machining,Motor,74.07,0.71,6.08,21.61,1704.0,31.82,7342.9,370,B101,A,97.11,None,37.34,11.5,0.37,162,450.0,Low,None,Low
EV300275,2025-01-26 13:30:00,F02,L05,M023,Machining,Motor,53.08,2.03,7.09,10.96,1859.0,53.36,8165.5,214,B175,C,87.07,None,24.8,1.92,6.7,323,497.0,Low,None,Low
EV300150,2025-02-27 10:30:00,F04,L06,M039,Welding,Valve,55.53,2.57,6.12,12.89,1944.0,28.02,9722.3,248,B170,B,95.73,None,43.75,25.09,15.45,579,466.0,Low,None,LOW
EV300322,2025-02-04 01:00:00,F02,,M033,MACHINING,Motor,76.96,2.88,6.74,21.99,,52.89,1454.4,83,B130,C,89.81,None,34.05,11.54,2.07,486,253.0,Low,None,Medium
EV300020,2025-01-25 02:00:00,F04,L05,M040,Finishing,Valve,74.82,0.64,6.93,29.86,1592.0,64.8,464.5,254,B108,A,85.53,None,48.09,32.86,3.67,551,350.0,Low,None,High
EV300826,2025-02-08 00:30:00,F02,L04,M035,Assembly,Controller,89.78,2.19,,18.78,1772.0,58.13,1708.5,47, B114 ,B,81.47,None,47.19,31.2,13.78,132,196.0,Low,None,Medium
EV300587,2025-01-28 14:30:00,F02,L01,M018,Finishing,Gearbox,62.55,3.36,7.62,19.84,1827.0,29.94,13315.5,69,B117,C,86.77,None,40.28,12.43,9.2,122,577.0, Low ,None,low
EV300721,2025-01-23 15:30:00,F02,L02,M011,Assembly,Controller,58.27,8.55,9.52,15.04,1864.0,38.23,10572.6,101,B150,A,89.91,Material,47.22,16.46,1.64,519,489.0,Low,Assembly,Low
EV300677,2025-02-05 14:30:00,F03,L02,M008,Assembly,Pump,80.84,1.06,5.84,20.8,1877.0,46.67,1091.5,183,B126,A,84.56,None,59.47,6.79,1.45,548,84.0,Low,None,Low
EV300514,2025-01-14 10:30:00,F02,L05,M008,Welding,Motor,46.48,2.03,6.69,20.82,1355.0,38.09,6527.8,349,B120,C,85.06,Electrical,54.18,9.32,9.22,565,487.0,Low,Welding,Low
EV300180,2025-01-19 17:00:00,F05,L02,M032,machining,Controller,71.62,4.06,8.59,19.31,1843.0,38.61,14456.0,13,B118,A,83.26,None,51.88,27.31,11.99,119,457.0,Low,None,Medium
EV300509,2025-03-01 07:30:00,F04,L07,M025,Welding,Gearbox,82.3,2.57,6.35,27.73,1940.0,47.56,2799.2,290,B141,C,80.54,None,56.7,19.59,5.77,339,532.0,Low,None,Low
EV300476,2025-02-22 08:30:00,F05,L07,M034,Assembly,Gearbox,52.71,2.35,7.24,17.14,2006.0,54.24,360.7,310,B162,B,88.56,None,43.31,9.77,6.56,168,97.0,Low,None,Low
EV300830,2025-01-04 23:00:00,F01,L04,M009,,Pump,33.82,3.73,8.29,15.85,1099.0,41.68,11791.0,394,B127,B,100.0,None,45.45,37.14,4.22,377,153.0,Low,None,Medium
EV300356,2025-01-19 07:30:00,F04,L04,M026,Finishing,Gearbox,51.86,1.26,8.73,16.95,1920.0,40.75,7967.9,486,B114,C,97.48,None,45.57,2.83,8.98,578.0,442.0,Low,None,Low
EV300869,2025-02-02 12:30:00,F02,L08,M019,FINISHING,Gearbox,59.83,2.2,5.91,24.0,1686.0,45.22,8658.4,345,B104,C,97.34,None,39.57,7.86,5.69,239,64.0,Low,None,Low
EV300301,,F01,L08,M030,Finishing,Valve,73.46,1.4,8.79,14.88,1761.0,46.77,10249.5,217,B126,B,86.04,Surface,34.04,2.11,7.42,244,369.0,Low,Finishing,Low
EV300164,2025-02-21 09:30:00,F05,L06,M005,Assembly,Controller,89.72,3.2,6.63,16.89,1720.0,36.92,8929.3,159,B110,C,94.76,None,37.86,15.96,13.69,287,597.0,Low,None,Low
EV300853,2025-01-14 03:00:00,F02,L05,M001,Raw Material,Pump,62.14,2.89,,13.59,1714.0,50.61,12121.8,340,B173,B,100.0,None,55.85,13.29,2.63,483,435.0,Low,None,Low
EV300358,2025-03-08 06:30:00,F01,L06,M028,Welding,Motor,75.89,5.1,6.32,16.38,1768.0,41.44,7971.6,64,B110,A,72.75,None,42.62,11.67,7.6,177,108.0,Low,None,Low
EV300245,2025-02-16 23:30:00,F01,L06,M025,,Valve,39.57,2.85,7.7,19.36,1631.0,46.36,6934.5,487,B117,B,100.0,None,43.7,1.63,18.93,524,132.0,Low,None,Low
EV300773,2025-02-17 02:00:00,F01,L06,M002,Welding,Controller,64.94,3.5,6.86,18.34,1751.0,29.81,8451.6,383,B138,C,91.96,None,40.25,27.62,5.53,87.0,469.0,Low,None,Medium
EV300318,2025-02-05 13:00:00,F03,L05,M027,Finishing,Motor,47.68,1.57,7.4,20.56,2323.0,28.21,7890.8,382,B128,B,91.57,Dimensional,36.25,2.21,4.99,351,237.0,Low,Finishing,Low
EV300443,2025-01-01 22:30:00,F05,L02,M035,Finishing,Pump,59.21,1.47,7.43,15.95,1854.0,46.65,6262.7,430,B147,A,75.65,None,38.35,3.71,13.4,176,370.0,Low,None, Low 
EV300535,2025-02-01 05:30:00,F04,L03,M028,Finishing,Gearbox,46.39,3.11,6.55,4.41,1702.0,31.27,11875.9,114,B167,C,100.0,None,43.66,7.52,1.36,415.0,566.0,Low,None,Low
